0.09134218448740623,0.03677849156982082
0.07883540373604773,0.09017355566920793
0.06343486766494429,0.1562479291892184
0.04592902782163608,0.2317443514673114
0.0269658964684426,0.3139786514375474
0.007075369021935584,0.4007490443520038
-0.01331185304816644,0.4902592179869824
-0.03384823032843583,0.5810531471312503
-0.05425581152407949,0.6719598809774693
-0.07431474873225673,0.7620468086361415
-0.09385358798319905,0.8505801300420396
-0.1127410677951399,0.936991448718786
-0.1308791982665676,1.020849564060601
-0.1481974271161878,1.101836678117753
-0.1646477279476201,1.179728348859812
-0.1802004706041447,1.254376621544062
-0.1948409544211043,1.325695854697106
-0.2085665030189563,1.393650829509699
-0.2213840344678156,1.458246793009301
-0.2333080335862884,1.51952113779832
-0.2443588641472119,1.577536465780788
-0.2545613681350637,1.632374821298614
-0.2639437071767654,1.68413291144316
-0.2725364080559529,1.732918158835545
-0.2803715799966964,1.77884545559358
-0.2874822763161422,1.822034507132416
-0.2939019772245403,1.862607671398201
-0.2996641741045937,1.9006882135507
-0.3048020386228586,1.936398908368406
-0.3093481625932398,1.969860933068679
-0.3133343566937697,2.001193002089085
-0.3167914979904034,2.030510702897268
-0.3197494177943323,2.057925998283513
-0.3222368227140799,2.083546866011776
-0.3242812428958737,2.107477051305124
-0.325909002405721,2.129815911542963
-0.3271452075200683,2.150658335854485
-0.3280137493807548,2.170094725094354
-0.3285373180529408,2.188211020058549
-0.3287374255176521,2.205088767804928
-0.3286344355470668,2.220805217639366
-0.3282475987622946,2.23543343976101
-0.3275950914698177,2.249042460769048
-0.326694057122483,2.26169741125224
-0.3255606494609489,2.273459681540106
-0.3242100765678695,2.284387082415677
-0.322656645215025,2.294534008194831
-0.3209138050073476,2.303951600084202
-0.3189941919311842,2.312687908153666
-0.3169096710002142,2.320788050612977
-0.314671377763976,2.328294369376536
-0.3122897585031824,2.335246581144329
-0.3097746089848284,2.341681923428973
-0.307135111690246,2.347635295125026
-0.3043798714619962,2.353139391352911
-0.3015169495421283,2.358224832420836
-0.2985538959957489,2.362920286837969
-0.2954977805309922,2.367252588384275
-0.2923552217399592,2.3712468472998
-0.2891324147957409,2.374926555701198
-0.2858351576486236,2.378313687368075
-0.2824688757705482,2.381428792067959
-0.2790386455011462,2.384291084607967
-0.2755492160515265,2.386918528814637
-0.2720050302237263,2.38932791665219
-0.2684102439045252,2.391534942694275
-0.2647687443923964,2.393554274166069
-0.2610841676158249,2.395399616772836
-0.2573599143002385,2.397083776528357
-0.253599165139441,2.398618717792376
-0.2498048950258015,2.400015617720766
-0.2459798863916403,2.401284917325792
-0.2421267417122595,2.402436369336846
-0.2382478952190323,2.403479083044633
-0.2343456238688091,2.404421566304032
-0.2304220576137909,2.405271764863043
-0.2264791890138672,2.4060370991773
-0.222518882231297,2.406724498861785
-0.2185428814455506,2.407340434923641
-0.2145528187240986,2.407890949912401
-0.2105502213829746,2.408381686116592
-0.2065365188690496,2.408817911928526
-0.2025130491941255,2.409204546492224
-0.1984810649492216,2.409546182742832
-0.1944417389257615,2.409847108939571
-0.1903961693687576,2.41011132878819
-0.1863453848856125,2.410342580243228
-0.1822903490326941,2.410544353074861
-0.178231964600491,2.41071990527998
-0.1741710776168793,2.410872278412219
-0.1701084810867892,2.411004311901039
-0.1660449184854468,2.411118656425571
-0.1619810870212576,2.411217786404817
-0.1579176406833911,2.411304011661903
-0.1538551930881684,2.411379488316409
-0.1497943201374469,2.411446228955365
-0.1457355625013594,2.411506112130266
-0.1416794279369551,2.411560891224403
-0.1376263934535566,2.411612202731937
-0.1335769073349423,2.411661573987515
-0.1295313910278013,2.411710430382641
-0.1254902409053079,2.411760102102718
-0.1214538299140593,2.411811830416418
-0.1174225091121167,2.411866773547026
-0.1133966091053478,2.411926012153388
-0.1093764413888219,2.411990554446364
-0.1053622995995586,2.412061340964935
-0.1013544606865003,2.412139249034515
-0.09735318600322425,2.412225096928592
-0.0933587223285187,2.412319647753379
-0.08937130281961764,2.412423613073857
-0.08539114790258391,2.412537656298439
-0.08141846610400973,2.412662395838239
-0.07745345482795535,2.412798408055994
-0.07349630108176611,2.412946230018594
-0.0695471821541753,2.413106362066295
-0.0656062662488789,2.41327927021083
-0.06167371307654542,2.413465388373784
-0.057749674408038,2.413665120475892
-0.05383429459144314,2.413878842387188
-0.04992771103531135,2.414106903747242
-0.04603005466038088,2.414349629664197
-0.04214145032188048,2.414607322300627
-0.03826201720438684,2.414880262353796
-0.03439186919107012,2.415168710437341
-0.03053111520904071,2.415472908370962
-0.02667985955240593,2.415793080384235
-0.02283820218451673,2.416129434240292
-0.01900623902082213,2.416482162284717
-0.0151840621936092,2.416851442424618
-0.01137176029986328,2.41723743904256
-0.007569418633380844,2.417640303849705
-0.003777119402182582,2.41806017668219
5.058067761744496e-06,2.418497186244561
0.003777037141593215,2.418951450803776
0.007538743696534107,2.419423078837084
0.01129010595396114,2.419912169636862
0.01503105432184211,2.420418813875275
0.01876152124681765,2.420943094131445
0.02248144107528111,2.42148508538364
0.0261907499228471,2.422044855468798
0.02988938555162423,2.422622465511596
0.03357728725477318,2.423217970325073
0.03725439574783797,2.423831418784717
0.04092065306639232,2.424462854177791
0.04457600246956629,2.425112314529545
0.04822038834903457,2.425779832907871
0.05185375614310839,2.426465437707812
0.05547605225555244,2.42716915291732
0.0590872239788123,2.427890998365456
0.0626872194213353,2.428630989954259
0.06627598743869317,2.429389139875341
0.06985347756824174,2.430165456812238
0.07341963996706154,2.43095994612948
0.07697442535293821,2.43177261004925
0.08051778494817402,2.432603447816468
0.08404967042600164,2.433452455853085
0.08757003385943482,2.434319627902283
0.09107882767235047,2.435204955163284
0.09457600459264079,2.436108426417372
0.0980615176072834,2.437030028145728
0.1015353199191694,2.437969744639625
0.1049973649055557,2.438927558103484
0.1084476060780143,2.439903448751275
0.1118859970437437,2.440897394896711
0.1153124914681453,2.441909373037633
0.1187270430385353,2.442939357935003
0.122129605428916,2.443987322686827
0.1255201322656838,2.445053238797375
0.1288985770942094,2.446137076242008
0.1322648933461863,2.447238803527886
0.1356190343076811,2.448358387750851
0.1389609530878046,2.449495794648738
0.1422906025879322,2.450650988651332
0.1456079354714155,2.451823932927221
0.1489129041337079,2.453014589427732
0.1522054606728558,2.454222918928146
0.1554855568602981,2.455448881066384
0.1587531441119129,2.456692434379313
0.1620081734592683,2.457953536336841
0.1652505955210227,2.459232143373954
0.168480360474435,2.460528210920797
0.171697418026932,2.461841693430981
0.1749017173877015,2.46317254440817
0.1780932072392537,2.464520716431121
0.1812718357089403,2.465886161177222
0.1844375503403551,2.467268829444671
0.1875902980646193,2.468668671173355
0.1907300251714861,2.47008563546452
0.1938566772802508,2.471519670599317
0.1969701993104206,2.472970724056287
0.2000705354521206,2.474438742527845
0.2031576291361976,2.475923671935854
0.2062314230040003,2.477425457446309
0.2092918588767922,2.478944043483207
0.2123388777247865,2.480479373741658
0.2153724196357512,2.482031391200265
0.2183924237831767,2.483600038132825
0.2213988283939622,2.485185256119403
0.2243915707156027,2.486786986056789
0.2273705869828407,2.488405168168396
0.2303358123837565,2.490039742013633
0.2332871810252748,2.491690646496751
0.2362246258980478,2.493357819875228
0.2391480788406959,2.495041199767696
0.2420574705033754,2.49674072316144
0.2449527303106368,2.498456326419485
0.2478337864235556,2.500187945287299
0.2507005657010979,2.50193551489913
0.2535529936606903,2.503698969783978
0.2563909944379723,2.505478243871243
0.2592144907456848,2.507273270496043
0.2620234038316799,2.50908398240422
0.2648176534360032,2.510910311757049
0.2675971577470306,2.512752190135663
0.2703618333566096,2.514609548545188
0.2731115952141867,2.516482317418623
0.2758463565798685,2.518370426620444
0.278566028976399,2.520273805449955
0.2812705221399893,2.5221923826444
0.2839597439699921,2.524126086381817
0.286633600477354,2.526074844283657
0.2892919957318196,2.528038583417172
0.2919348318078409,2.530017230297561
0.2945620087291489,2.532010710889893
0.2971734244119386,2.534018950610799
0.2997689746066296,2.536041874329939
0.3023485528381456,2.538079406371236
0.3049120503446691,2.540131470513892
0.3074593560148117,2.542197989993178
0.3099903563231672,2.544278887500993
0.3125049352641595,2.546374085186193
0.3150029742841688,2.548483504654703
0.3174843522118402,2.550607066969379
0.3199489451865427,2.55274469264966
0.3223966265848986,2.554896301670953
0.3248272669453259,2.557061813463811
0.3272407338905245,2.559241146912841
0.3296368920478403,2.561434220355374
0.3320156029674244,2.563640951579889
0.3343767250381302,2.565861257824165
0.3367201134010516,2.568095055773183
0.3390456198606388,2.570342261556754
0.3413530927932941,2.572602790746871
0.3436423770533751,2.574876558354783
0.3459133138765044,2.577163478827776
0.3481657407800974,2.579463466045663
0.3503994914610125,2.581776433316973
0.3526143956902252,2.584102293374813
0.3548102792044147,2.586440958372427
0.3569869635943632,2.588792339878418
0.3591442661900511,2.591156348871626
0.3612819999423374,2.593532895735663
0.3633999733010925,2.595921890253087
0.3654979900896755,2.598323241599194
0.3675758493756071,2.600736858335446
0.369633345337316,2.603162648402483
0.3716702671268156,2.605600519112741
0.3736863987281531,2.608050377142644
0.3756815188115013,2.610512128524352
0.3776554005827081,2.612985678637077
0.3796078116281655,2.615470932197911
0.3815385137548041,2.617967793252189
0.383447262825053,2.620476165163345
0.385333808586569,2.622995950602255
0.387197894496549,2.625527051536046
0.3890392575404211,2.628069369216346
0.3908576280447115,2.630622804166965
0.3926527294838625,2.633187256170985
0.3944242782807877,2.635762624257227
0.3961719836009168,2.63834880668608
0.3978955471394999,2.640945700934668
0.3995946629018974,2.643553203681337
0.4012690169766233,2.646171210789409
0.4029182873008244,2.648799617290218
0.4045421434179496,2.651438317365354
0.4061402462272767,2.654087204328131
0.4077122477250202,2.656746170604197
0.4092577907366581,2.65941510771131
0.4107765086401748,2.662093906238193
0.4122680250798497,2.664782455822467
0.4137319536702314,2.667480645127616
0.4151678976899221,2.67018836181893
0.4165754497647589,2.672905492538417
0.4179541915400076,2.675631922878595
0.4193036933411063,2.678367537355177
0.4206235138225395,2.681112219378544
0.421913199604353,2.683865851223994
0.4231722848958457,2.686628314000709
0.4244002911059079,2.689399487619372
0.4255967264395046,2.69217925075839
0.4267610854797319,2.694967480828665
0.4278928487548909,2.697764053936836
0.4289914822899765,2.70056884484694
0.4300564371419578,2.703381726940429
0.4310871489182185,2.706202572174436
0.4320830372774671,2.709031251038268
0.4330435054124299,2.711867632507999
0.433967939513597,2.714711583999102
0.4348557082132575,2.717562971317033
0.4357061620090449,2.720421658605665
0.4365186326661636,2.72328750829349
0.4372924325974522,2.726160381037458
0.4380268542203903,2.729040135664399
0.4387211692901347,2.731926629109849
0.4393746282076157,2.734819716354225
0.4399864593017215,2.737719250356176
0.4405558680845048,2.740625081983017
0.4410820364783798,2.743537059938084
0.4415641220141651,2.746455030684873
0.4420012569988403,2.749378838367827
0.4423925476518174,2.752308324729579
0.4427370732084862,2.755243329024528
0.4430338849897721,2.75818368792852
0.4432820054363597,2.7611292354445
0.4434804271062414,2.764079802803906
0.4436281116341693,2.767035218363607
0.4437239886515644,2.769995307498182
0.443766954665384,2.772959892487303
0.44375587189442,2.775928792397977
0.4436895670614422,2.778901822961415
0.4435668301395762,2.781878796444242
0.4433864130512611,2.784859521513795
0.4431470283181042,2.787843803097187
0.4428473476599057,2.790831442233863
0.4424860005411208,2.79382223592129
0.4420615726629808,2.796815976953479
0.441572604399503,2.799812453751942
0.441017589175587,2.802811450188745
0.4403949717854148,2.805812745401233
0.4397031466493703,2.80881611359804
0.4389404560077136,2.811821323855918
0.4381051880492902,2.81482813990696
0.4371955749735961,2.817836319915706
0.4362097909845796,2.820845616245665
0.4351459502146744,2.82385577521468
0.4340021045776351,2.826866536838636
0.4327762415489157,2.829877634562882
0.4314662818724751,2.832888794980799
0.4300700771931067,2.835899737538862
0.4285854076136357,2.83891017422754
0.4270099791766134,2.841919809257345
0.4253414212704461,2.844928338719304
0.4235772839603466,2.847935450229123
0.4217150352449082,2.850940822554242
0.419752058239636,2.853944125222987
0.4176856482894159,2.856945018114987
0.415513010012579,2.859943151031977
0.4132312542800183,2.862938163248109
0.4108373951337764,2.865929683038842
0.4083283466505363,2.868917327187485
0.405700919756668,2.871900700468418
0.4029518190028288,2.874879395106014
0.4000776393076545,2.877852990208284
0.3970748626818269,2.880821051174227
0.3939398549457323,2.883783129073904
0.3906688624561451,2.886738760000211
0.3872580088598425,2.889687464391423
0.3837032918947937,2.89262874632349
0.3800005802627056,2.89556209277124
0.376145610600099,2.898486972837564
0.3721339845789813,2.901402836949853
0.3679611661723982,2.904309116022942
0.3636224791249248,2.907205220587997
0.3591131046733072,2.910090539886911
0.3544280795682928,2.912964440931915
0.3495622944549568,2.915826267530365
0.3445104926758028,2.918675339274852
0.3392672695684525,2.92151095049915
0.3338270723379855,2.924332369200783
0.3281842005929201,2.927138835931439
0.3223328076434296,2.929929562656913
0.3162669026707017,2.932703731588776
0.3099803538873836,2.935460493990634
0.3034668928206705,2.938198968962461
0.2967201198618939,2.940918242207374
0.2897335112391807,2.943617364786074
0.2825004275829213,2.946295351865212
0.2750141242671295,2.948951181467062
0.2672677637231275,2.951583793229201
0.2592544299350351,2.954192087184262
0.2509671453389491,2.956774922571413
0.2423988903590439,2.959331116692907
0.2335426258235119,2.961859443830927
0.2243913185107712,2.964358634241933
0.2149379700807951,2.966827373247884
0.2051756496470973,2.969264300445995
0.1950975302406736,2.971668009061057
0.1846969294069811,2.97403704546687
0.1739673541596791,2.976369908905817
0.1629025504889087,2.978665051438179
0.1514965575859224,2.980920878155248
0.1397437668984652,2.983135747692637
0.1276389860709469,2.98530797308227
0.1151775077486025,2.987435822983378
0.1023551831344448,2.989517523334115
0.08916850008065114,2.991551259466124
0.07561466537158347,2.993535178724441
0.06169169071383823,2.995467393634112
0.04739848179012458,2.997345985652923
0.03273492955989543,2.999169009546311
0.01770200280311877,3.000934498415792
0.002301840708040839,3.002640469405872
-0.0134621558953784,3.004284930106298
-0.02958523625118348,3.005865885656571
-0.04606121612267811,3.007381346547842
-0.06288240091278671,3.008829337103639
-0.08003951753962092,3.010207904605548
-0.09752165723945937,3.011515129013082
-0.1153162315076993,3.012749133208977
-0.1334089433616318,3.013908093682453
-0.151783776006841,3.014990251544119
-0.1704230008041348,3.015993923747912
-0.1893072061608589,3.016917514378456
-0.2084153486085384,3.017759525847387
-0.227724826881916,3.018518569830282
-0.2472115792915287,3.019193377767718
-0.266850204097853,3.019782810750426
-0.2866141019693507,3.020285868609931
-0.3064756389642548,3.020701698043133
-0.3264063278442926,3.021029599611804
-0.3463770249374575,3.021269033476213
-0.3663581392463002,3.021419623745228
-0.3863198500750293,3.021481161352955
-0.4062323291466213,3.021453605403011
-0.4260659630167944,3.021337082954997
-0.4457915715753049,3.021131887262004
-0.4653806185573663,3.020838474502127
-0.4848054102625265,3.020457459079132
-0.5040392790796011,3.019989607596814
-0.5230567489230799,3.019435831636873
-0.5418336802717147,3.018797179490619
-0.5603473931343763,3.01807482700984
-0.5785767669210071,3.017270067751668
-0.5965023168386142,3.016384302596003
-0.6141062470370778,3.015419029012628
-0.6313724812755804,3.014375830148751
-0.6482866723506638,3.013256363897342
-0.6648361919108936,3.012062352092819
-0.6810101025750506,3.010795569964392
-0.6967991144709866,3.009457835959553
-0.7121955284248049,3.008051002031435
-0.7271931680629242,3.006576944465067
-0.7417873030529153,3.005037555299221
-0.7559745656147164,3.003434734383392
-0.7697528622941838,3.001770382093658
-0.7831212828182338,3.000046392717018
-0.7960800076563465,2.998264648501598
-0.808630215707301,2.99642701435971
-0.8207739933212191,2.994535333202242
-0.8325142456628082,2.992591421876221
-0.8438546112272397,2.990597067672248
-0.8547993801399,2.988554025365056
-0.8653534167075778,2.986464014748156
-0.8755220865434582,2.984328718622481
-0.8853111884617409,2.982149781198746
-0.8947268912299168,2.979928806873919
-0.903775675176669,2.977667359343418
-0.9124642785799592,2.9753669610123
-0.9207996487015991,2.973029092670813
-0.9287888972897766,2.97065519340188
-0.9364392603380552,2.968246660690457
-0.9437580618665582,2.96580485070722
-0.9507526814768127,2.963331078741346
-0.9574305254246143,2.960826619759619
-0.9637990009539028,2.958292709071342
-0.9698654936379354,2.955730543080668
-0.9756373474807885,2.953141280110057
-0.9811218475417206,2.95052604128037
-0.9863262048562756,2.947885911434936
-0.9912575434406304,2.945221940096446
-0.9959228891791304,2.942535142446995
-1.000329160408653,2.939826500322908
-1.004483160027239,2.937096963217131
-1.008391568967927,2.934347449283028
-1.012060940891836,2.931578846334328
-1.015497697967102,2.928792012836839
-1.018708127612084,2.925987778888186
-1.02169838009251,2.923166947182558
-1.024474466872579,2.920330293957931
-1.027042259629744,2.917478569923748
-1.02940748985179,2.914612501167469
-1.031575748943047,2.911732790038733
-1.033552488774032,2.908840116010216
-1.035343022615694,2.905935136514524
-1.036952526405608,2.903018487756692
-1.038386040299127,2.900090785502054
-1.039648470463578,2.897152625839408
-1.040744591078187,2.894204585919559
-1.041679046506567,2.891247224669414
-1.042456353612341,2.888281083481906
-1.043080904191753,2.885306686882124
-1.043556967500243,2.882324543170059
-1.043888692852514,2.879335145040445
-1.044080112278119,2.876338970180228
-1.044135143216739,2.873336481844182
-1.044057591239177,2.87032812940927
-1.043851152781931,2.867314348908345
-1.043519417884616,2.864295563543753
-1.04306587292096,2.861272184181487
-1.042493903315296,2.858244609826485
-1.041806796237531,2.855213228079668
-1.041007743270573,2.852178415577335
-1.040099843045048,2.849140538413508
-1.0390861038369,2.846099952545813
-1.03796944612415,2.843057004185476
-1.036752705099681,2.84001203017199
-1.035438633137509,2.836965358333027
-1.034029902210373,2.833917307830112
-1.032529106257008,2.8308681894906
-1.030938763497769,2.827818306126462
-1.02926131869762,2.824767952840375
-1.027499145375812,2.821717417319599
-1.025654547961793,2.818666980118121
-1.023729763897174,2.815616914927487
-1.0217269656837,2.812567488836796
-1.019648262877424,2.809518962582253
-1.017495704029373,2.806471590786705
-1.015271278573168,2.803425622189534
-1.012976918660139,2.80038129986732
-1.010614500942607,2.797338861445603
-1.008185848306062,2.794298539302125
-1.005692731551056,2.791260560761879
-1.003136871025678,2.788225148284301
-1.000519938209526,2.785192519642902
-0.9978435572501552,2.782162888097674
-0.9951093064529796,2.779136462560531
-0.9923187197256538,2.776113447754078
-0.9894732879779873,2.773094044363991
-0.9865744604784206,2.770078449185233
-0.9836236461681526,2.767066855262396
-0.9806222149339714,2.764059452024369
-0.9775714988408628,2.76105642541359
-0.9744727933254649,2.758057958010094
-0.9713273583514234,2.755064229150554
-0.9681364195277034,2.752075415042539
-0.9649011691909071,2.749091688874175
-0.9616227674526062,2.746113220919386
-0.9583023432127319,2.743140178638916
-0.9549409951399945,2.740172726777278
-0.9515397926203374,2.737211027455818
-0.9480997766743742,2.734255240262034
-0.9446219608447673,2.731305522335317
-0.9411073320544592,2.728362028449239
-0.9375568514366768,2.725424911090554
-0.9339714551375915,2.722494320535021
-0.9303520550924866,2.719570404920192
-0.9266995397762952,2.716653310315272
-0.9230147749293153,2.713743180788201
-0.9192986042589105,2.710840158470018
-0.9155518501179791,2.707944383616677
-0.9117753141609355,2.705055994668356
-0.9079697779779602,2.702175128306418
-0.9041360037082259,2.699301919508067
-0.9002747346327896,2.69643650159882
-0.8963866957478425,2.693579006302885
-0.8924725943189546,2.690729563791495
-0.8885331204169692,2.687888302729333
-0.8845689474361452,2.685055350319056
-0.880580732595161,2.682230832344064
-0.8765691174215446,2.679414873209521
-0.8725347282201061,2.67660759598174
-0.8684781765258998,2.673809122425972
-0.864400059542251,2.671019573042673
-0.8603009605643565,2.668239067102298
-0.8561814493889439,2.665467722678692
-0.8520420827104742,2.662705656681122
-0.847883404504335,2.659952984885004
-0.8437059463974865,2.657209821961377
-0.8395102280269773,2.654476281505177
-0.8352967573867448,2.651752476062344
-0.831066031163113,2.649038517155819
-0.8268185350593626,2.646334515310463
-0.8225547441097595,2.643640580076953
-0.818275122983392,2.640956820054669
-0.8139801262781742,2.63828334291364
-0.8096701988053524,2.63562025541556
-0.8053457758648371,2.63296766343392
-0.8010072835116747,2.630325671973287
-0.7966551388139682,2.62769438518776
-0.7922897501025289,2.625073906398635
-0.7879115172125539,2.622464338111303
-0.7835208317175998,2.619865782031425
-0.7791180771561013,2.617278339080381
-0.7747036292507105,2.614702109410052
-0.770277856120689,2.612137192416931
-0.7658411184875904,2.609583686755616
-0.7613937698744663,2.607041690351673
-0.7569361567988043,2.604511300413923
-0.7524686189594302,2.60199261344615
-0.7479914894175592,2.599485725258271
-0.7435050947722039,2.596990730976966
-0.7390097553301284,2.594507725055803
-0.7345057852705319,2.592036801284867
-0.729993492804639,2.589578052799918
-0.7254731803303706,2.587131572091087
-0.7209451445822477,2.58469745101112
-0.7164096767767116,2.58227578078321
-0.7118670627529921,2.579866652008407
-0.7073175831096762,2.57747015467262
-0.7027615133371325,2.575086378153252
-0.6981991239459165,2.572715411225447
-0.6936306805912895,2.570357342067982
-0.6890564441939956,2.568012258268816
-0.6844766710573923,2.56568024683029
-0.6798916129810888,2.563361394174021
-0.6753015173711771,2.561055786145461
-0.6707066273471821,2.558763508018169
-0.6661071818458411,2.556484644497783
-0.6615034157218042,2.554219279725708
-0.6568955598453649,2.551967497282529
-0.6522838411973186,2.549729380191164
-0.6476684829610311,2.547505010919757
-0.6430497046118206,2.545294471384322
-0.6384277220037335,2.543097842951151
-0.6338027474537935,2.540915206438986
-0.6291749898238179,2.538746642120974
-0.624544654599864,2.536592229726398
-0.6199119439693912,2.534452048442204
-0.6152770568962133,2.53232617691432
-0.6106401891932972,2.530214693248789
-0.6060015335934956,2.528117675012702
-0.601361279818267,2.526035199234953
-0.5967196146444436,2.523967342406822
-0.5920767219691233,2.521914180482378
-0.5874327828727292,2.519875788878725
-0.5827879756803038,2.517852242476086
-0.5781424760210899,2.51584361561773
-0.5734964568864485,2.513849982109754
-0.5688500886861731,2.511871415220724
-0.5642035393032475,2.509907987681172
-0.5595569741470841,2.50795977168296
-0.5549105562053144,2.506026838878522
-0.5502644460941472,2.504109260379971
-0.5456188021073652,2.502207106758096
-0.5409737802639825,2.500320448041239
-0.5363295343546128,2.498449353714061
-0.5316862159865895,2.496593892716199
-0.5270439746278716,2.494754133440827
-0.5224029576497712,2.492930143733112
-0.5177633103685464,2.491121990888576
-0.5131251760858863,2.489329741651366
-0.5084886961283227,2.487553462212438
-0.5038540098856114,2.485793218207661
-0.4992212548480914,2.484049074715827
-0.4945905666430845,2.482321096256599
-0.4899620790703361,2.480609346788381
-0.4853359241365406,2.478913889706107
-0.4807122320889778,2.47723478783898
-0.4760911314482838,2.475572103448134
-0.4714727490403847,2.473925898224241
-0.4668572100276197,2.472296233285056
-0.4622446379390704,2.470683169172913
-0.4576351547001335,2.469086765852164
-0.4530288806613483,2.467507082706569
-0.4484259346265048,2.465944178536645
-0.4438264338800553,2.464398111556964
-0.439230494213853,2.462868939393417
-0.4346382299532279,2.461356719080434
-0.4300497539824374,2.459861507058173
-0.4254651777694867,2.458383359169675
-0.4208846113903622,2.456922330657985
-0.4163081635526825,2.455478476163254
-0.4117359416187816,2.454051849719802
-0.4071680516282523,2.45264250475317
-0.4026045983199596,2.451250494077149
-0.3980456851535417,2.449875869890787
-0.3934914143304132,2.448518683775378
-0.3889418868142839,2.447178986691446
-0.3843972023512172,2.445856828975713
-0.3798574594892324,2.444552260338051
-0.375322755597464,2.443265329858442
-0.3707931868849038,2.441996085983915
-0.3662688484187274,2.440744576525496
-0.3617498341422187,2.439510848655147
-0.3572362368923179,2.438294948902712
-0.352728148416779,2.43709692315286
-0.3482256593909816,2.435916816642039
-0.3437288594343839,2.434754673955435
-0.3392378371266329,2.433610539023941
-0.3347526800233535,2.432484455121132
-0.3302734746716139,2.431376464860262
-0.325800306625085,2.430286610191264
-0.3213332604589058,2.429214932397777
-0.3168724197842518,2.428161472094185
-0.3124178672626374,2.427126269222678
-0.3079696846199394,2.426109363050331
-0.3035279526601668,2.425110792166213
-0.2990927512789777,2.424130594478517
-0.2946641594769538,2.423168807211713
-0.2902422553726438,2.422225466903734
-0.2858271162153803,2.421300609403195
-0.2814188183978755,2.420394269866632
-0.2770174374686157,2.419506482755782
-0.2726230481440492,2.418637281834898
-0.2682357243205783,2.417786700168097
-0.2638555390863696,2.416954770116742
-0.2594825647329823,2.416141523336866
-0.2551168727668217,2.41534699077664
-0.2507585339204362,2.414571202673876
-0.2464076181636395,2.41381418855357
-0.2420641947144949,2.413075977225497
-0.2377283320501528,2.412356596781847
-0.2334000979175313,2.411656074594907
-0.2290795593438929,2.410974437314791
-0.2247667826472643,2.410311710867215
-0.220461833446753,2.409667920451331
-0.2161647766727446,2.409043090537606
-0.2118756765769821,2.408437244865744
-0.2075945967425527,2.407850406442682
-0.203321600093766,2.40728259754062
-0.1990567489059434,2.406733839695118
-0.1948001048151185,2.406204153703244
-0.1905517288276513,2.405693559621779
-0.1863116813297661,2.405202076765484
-0.1820800220970192,2.404729723705418
-0.1778568103036892,2.404276518267322
-0.1736421045321153,2.403842477530064
-0.1694359627819668,2.403427617824139
-0.1652384424794624,2.403031954730234
-0.1610496004865413,2.402655503077855
-0.1568694931099849,2.402298276944025
-0.1526981761104995,2.401960289652027
-0.1485357047117656,2.401641553770235
-0.1443821336094477,2.401342081110988
-0.1402375169801833,2.401061882729548
-0.1361019084905411,2.400800968923107
-0.1319753613059692,2.400559349229882
-0.1278579280997163,2.400337032428251
-0.1237496610617478,2.40013402653598
-0.1196506119076509,2.399950338809501
-0.115560831887543,2.399785975743269
-0.1114803717949676,2.399640943069183
-0.1074092819758059,2.399515245756075
-0.1033476123371878,2.399408888009267
-0.09929541235641942,2.399321873270205
-0.09525273108992542,2.399254204216155
-0.09121961718220245,2.399205882759966
-0.08719611887480658,2.399176910049913
-0.08318228401536093,2.399167286469599
-0.07917816006658819,2.399177011637939
-0.07518379411538777,2.399206084409198
-0.07119923288193858,2.399254502873112
-0.06722452272884916,2.399322264355078
-0.06325970967035162,2.3994093654164
-0.05930483938153524,2.399515801854623
-0.05535995720764186,2.399641568703925
-0.05142510817341136,2.399786660235583
-0.04750033699247991,2.399951069958502
-0.04358568807684898,2.400134790619822
-0.03968120554641211,2.400337814205583
-0.03578693323855412,2.400560131941472
-0.03190291471782222,2.400801734293618
-0.02802919328566998,2.401062610969478
-0.02416581199028361,2.401342750918769
-0.02031281363648942,2.401642142334479
-0.01647024079574755,2.40196077265394
-0.01263813581623645,2.402298628559969
-0.008816540833029636,2.402655695982071
-0.005005497778370226,2.403031960097704
-0.001205048392047797,2.403427405333619
0.002584765768123068,2.40384201536725
0.006363903315716655,2.404275773128173
0.01013232302498984,2.404728660799627
0.01388998382007433,2.405200659820098
0.01763684476403361,2.405691750884955
0.02137286504781017,2.406201913948154
0.0250980039790343,2.406731128223999
0.02881222097070794,2.407279372188956
0.03251547552975242,2.407846623583531
0.03620772724541336,2.4084328594142
0.03988893577752425,2.409038055955389
0.04355906084462185,2.409662188751526
0.04721806221191018,2.410305232619122
0.05086589967906557,2.410967161648918
0.0545025330678808,2.411647949208087
0.05812792220974543,2.412347567942474
0.06174202693295604,2.413065989778893
0.06534480704984991,2.413803185927467
0.06893622234375714,2.41455912688402
0.0725162325557737,2.415333782432508
0.07608479737134108,2.416127121647496
0.07964187640662898,2.416939112896681
0.08318742919472571,2.417769723843454
0.08672141517161251,2.418618921449499
0.09024379366193949,2.419486671977435
0.09375452386457456,2.420372940993499
0.09725356483793597,2.421277693370248
0.1007408754850972,2.422200893289322
0.104216414538656,2.423142504244214
0.1076801405453635,2.424102489043093
0.1111320118505106,2.425080809811636
0.1145719865820543,2.426077427995914
0.118000022634497,2.427092304365274
0.1214160776524867,2.428125399015281
0.1248201090141532,2.429176671370651
0.1282120738141592,2.430246080188231
0.1315919288464687,2.431333583559984
0.1349596305868167,2.432439138916002
0.1383151351748775,2.433562703027528
0.1416583983961224,2.434704232010003
0.144989375663361,2.435863681326117
0.1483080219979468,2.437041005788876
0.1516142920106641,2.438236159564682
0.1549081398822495,2.439449096176415
0.1581895193435758,2.440679768506523
0.1614583836554641,2.44192812880012
0.1647146855881267,2.443194128668079
0.167958377400227,2.444477719090133
0.1711894108175403,2.445778850417971
0.1744077370112233,2.447097472378327
0.1776133065756579,2.448433534076067
0.180806069505872,2.44978698399727
0.1839859751745264,2.451157770012294
0.1871529723084476,2.452545839378832
0.1903070089647044,2.453951138744952
0.1934480325062047,2.455373614152126
0.1965759895768083,2.456813211038235
0.1996908260759365,2.458269874240551
0.2027924871326729,2.459743547998703
0.2058809170793268,2.461234175957609
0.208956059424459,2.462741701170386
0.2120178568253456,2.464266066101227
0.2150662510598685,2.465807212628242
0.2181011829978136,2.467365082046272
0.2211225925715603,2.468939615069652
0.2241304187461517,2.470530751834946
0.2271245994887115,2.47213843190363
0.2301050717372107,2.473762594264731
0.2330717713685423,2.475403177337424
0.2360246331659075,2.47706011897356
0.2389635907854685,2.478733356460165
0.2418885767222742,2.480422826521855
0.2447995222754064,2.482128465323212
0.2476963575123542,2.483850208471085
0.2505790112325704,2.485587991016827
0.2534474109301983,2.487341747458465
0.2563014827559419,2.489111411742796
0.2591411514780455,2.490896917267404
0.2619663404423762,2.492698196882608
0.2647769715315551,2.494515182893311
0.2675729651231309,2.496347807060784
0.2703542400467572,2.498196000604336
0.2731207135403434,2.500059694202915
0.2758723012051478,2.501938817996597
0.2786089169597836,2.503833301587977
0.2813304729931021,2.505743074043462
0.284036879715914,2.507668063894445
0.2867280457115254,2.509608199138378
0.2894038776850352,2.511563407239722
0.2920642804113649,2.513533615130777
0.2947091566819831,2.515518749212382
0.2973384072502761,2.517518735354498
0.2999519307755243,2.519533498896649
0.3025496237654415,2.521562964648213
0.3051313805172363,2.523607056888595
0.3076970930571318,2.525665699367229
0.310246651078315,2.527738815303429
0.3127799418772468,2.529826327386092
0.3152968502882941,2.53192815777323
0.3177972586166189,2.534044228091322
0.3202810465692723,2.536174459434507
0.3227480911844344,2.538318772363581
0.325198266758736,2.540477086904813
0.3276314447726062,2.542649322548565
0.3300474938135701,2.544835398247707
0.3324462794974343,2.547035232415829
0.3348276643872903,2.549248742925236
0.3371915079102632,2.551475847104721
0.3395376662719231,2.553716461737105
0.3418659923682842,2.555970503056542
0.3441763356953209,2.558237886745585
0.3464685422558914,2.560518527931987
0.3487424544640034,2.562812341185245
0.3509979110463217,2.565119240512873
0.3532347469408207,2.567439139356396
0.3554527931924852,2.569771950587049
0.3576518768459603,2.572117586501183
0.3598318208350392,2.574475958815352
0.3619924438688776,2.576846978661091
0.3641335603148335,2.579230556579351
0.3662549800777881,2.581626602514595
0.3683565084758504,2.584035025808544
0.3704379461123004,2.586455735193545
0.3724990887436403,2.588888638785564
0.374539727143621,2.591333644076795
0.3765596469630903,2.593790657927832
0.378558628585522,2.596259586559461
0.3805364469780615,2.598740335543974
0.3824928715379306,2.601232809796054
0.3844276659340228,2.603736913563187
0.386340587943508,2.60625255041558
0.3882313892832772,2.608779623235583
0.3900998154360187,2.611318034206584
0.3919456054707445,2.613867684801364
0.3937684918575518,2.616428475769887
0.3955682002764154,2.61900030712651
0.3973444494197719,2.621583078136594
0.3990969507886853,2.624176687302474
0.4008254084823374,2.626781032348786
0.4025295189805949,2.629396010207119
0.4042089709194007,2.632021516999967
0.4058634448587062,2.634657448023936
0.4074926130426713,2.637303697732214
0.4090961391518286,2.639960159716249
0.4106736780469159,2.642626726686594
0.4122248755040428,2.645303290452921
0.4137493679408784,2.647989741903141
0.415246782133492,2.650685970981608
0.4167167349235062,2.653391866666362
0.4181588329151714,2.656107316945386
0.4195726721619792,2.658832208791811
0.4209578378424049,2.661566428138068
0.4223139039243527,2.664309859848893
0.4236404328178647,2.667062387693177
0.4249369750156309,2.669823894314592
0.4262030687208209,2.672594261200957
0.4274382394617395,2.675373368652275
0.428641999692783,2.678161095747384
0.429813848381157,2.680957320309195
0.4309532705787893,2.683761918868405
0.4320597369788504,2.686574766625665
0.4331327034562732,2.689395737412109
0.4341716105916265,2.692224703648182
0.4351758831776903,2.695061536300692
0.4361449297080275,2.697906104838012
0.4370781418468533,2.700758277183331
0.43797489387943,2.703617919665898
0.4388345421422327,2.706484896970142
0.4396564244320547,2.709359072082589
0.4404398593932319,2.712240306236456
0.4411841458820896,2.715128458853853
0.4418885623077195,2.718023387485437
0.4425523659481285,2.720924947747447
0.443174792240784,2.723832993255954
0.443755054046536,2.726747375558245
0.4442923408858491,2.72966794406116
0.4447858181462625,2.732594545956271
0.4452346262599157,2.735527026141752
0.4456378798499859,2.738465227140767
0.4459946668447959,2.741408989016216
0.4463040475583372,2.744358149281692
0.4465650537358953,2.747312542808424
0.446776687563435,2.750272001728042
0.4469379206393422,2.753236355330966
0.4470476929070857,2.756205429960185
0.4471049115473305,2.759179048900223
0.4471084498279576,2.762157032261038
0.4470571459104506,2.76513919685664
0.4469498016110272,2.768125356078125
0.4467851811148864,2.771115319760878
0.4465620096418874,2.774108894045671
0.4462789720619524,2.77710588123331
0.4459347114584654,2.780106079632554
0.4455278276378947,2.783109283400953
0.4450568755838709,2.786115282378257
0.4445203638539232,2.789123861912024
0.4439167529170914,2.792134802675045
0.4432444534306182,2.795147880474174
0.4425018244539643,2.798162866050121
0.4416871715983906,2.8011795248678
0.4407987451104311,2.804197616896699
0.4398347378876105,2.807216896380829
0.4387932834248571,2.810237111597709
0.4376724536901685,2.813258004605837
0.436470256928189,2.816279310980101
0.4351846353905675,2.819300759534501
0.4338134629920894,2.82232207203158
0.4323545428918683,2.825342962877917
0.4308056049991001,2.828363138804975
0.4291643034032512,2.831382298534621
0.4274282137288934,2.834400132428562
0.4255948304158431,2.837416322120934
0.423661563925782,2.840430540133253
0.4216257378771072,2.843442449470886
0.4194845861104484,2.846451703200199
0.4172352496880424,2.849457944005493
0.4148747738310619,2.852460803724818
0.4124001047999941,2.855459902863738
0.4098080867243256,2.858454850086082
0.4070954583890531,2.861445241680723
0.4042588499871014,2.86443066100337
0.4012947798482887,2.867410677892414
0.3981996511574724,2.870384848057783
0.3949697486765316,2.873352712441857
0.3916012354873032,2.87631379655141
0.3880901497751953,2.87926760975965
0.384432401676215,2.882213644577422
0.3806237702134935,2.885151375892678
0.3766599003530459,2.888080260177429
0.372536300212706,2.890999734661424
0.3682483384626776,2.893909216471942
0.3637912419612517,2.896808101739214
0.3591600936747839,2.89969576466713
0.3543498309372023,2.90257155656911
0.3493552441110244,2.905434804869222
0.344170975719205,2.908284812068949
0.3387915201252329,2.911120854680268
0.3332112238474833,2.913942182126152
0.3274242866033244,2.916748015610001
0.3214247631885248,2.919537546956046
0.3152065663082652,2.922309937423358
0.3087634704876593,2.925064316496717
0.3020891172015004,2.927799780658479
0.2951770213758761,2.930515392146305
0.2880205794270225,2.933210177702716
0.2806130790163312,2.935883127323479
0.272947710713667,2.93853319301307
0.2650175817743801,2.941159287556843
0.2568157322480152,2.943760283321054
0.2483351536485697,2.946335011093467
0.239568810426203,2.948882258979257
0.2305096644888654,2.951400771368647
0.2211507030275559,2.953889247995045
0.2114849699010845,2.95634634310455
0.2015056008334852,2.958770664760101
0.1912058626692731,2.961160774306005
0.1805791969164775,2.9635151860211
0.1696192677847305,2.965832366991299
0.1583200148926045,2.968110737234844
0.1466757107752913,2.970348670115894
0.1346810232671554,2.972544493084355
0.1223310827640171,2.974696488781685
0.10962155428444,2.976802896553935
0.0965487141476746,2.978861914414265
0.08310953096699714,2.980871701497304
0.06930175052088491,2.982830381047235
0.05512398391108457,2.984736043979724
0.04057579824734842,2.986586753054999
0.02565780891598594,2.988380547695051
0.01037177229579185,2.990115449472196
-0.005279322413176081,2.991789468288549
-0.02129116378133038,2.993400609256799
-0.03765803288439917,2.994946880281274
-0.05437272407756204,2.996426300325365
-0.07142647384983564,2.997836908336448
-0.08880889990704836,2.999176772783055
-0.106507952688218,3.000444001741416
-0.1245098815154775,3.00163675344985
-0.1427992175003789,3.002753247230701
-0.1613587751720256,3.003791774660934
-0.1801696745472929,3.004750710854962
-0.1992113850300487,3.005628525707763
-0.2184617921054725,3.006423794933266
-0.2378972872957839,3.007135210723733
-0.257492881276746,3.00776159185064
-0.277222339440048,3.008301893027484
-0.2970583385458427,3.00875521336003
-0.3169726424722666,3.009120803720455
-0.3369362944606809,3.009398072898157
-0.3569198227099986,3.009586592401715
-0.3768934557157314,3.009686099812799
-0.3968273434070731,3.009696500622942
-0.4166917799253857,3.009617868516896
-0.436457423823658,3.009450444100477
-0.456095511551382,3.009194632105123
-0.475578060320448,3.008850997134295
-0.4948780568099415,3.008420258047347
-0.5139696286441523,3.007903281103065
-0.5328281961411683,3.007301072007285
-0.5514306024517562,3.006614767025682
-0.5697552208580162,3.005845623334212
-0.5877820386504437,3.004995008785154
-0.6054927176205334,3.004064391266877
-0.6228706317737502,3.003055327830605
-0.6399008833627148,3.001969453748261
-0.6565702987534126,3.000808471652609
-0.6728674059581846,2.999574140895468
-0.6887823958987713,2.998268267242203
-0.704307069602262,2.99689269300231
-0.7194347735901957,2.995449287676999
-0.7341603257050294,2.993939939186248
-0.7484799335413624,2.992366545720168
-0.7623911075223244,2.990731008243313
-0.775892570498392,2.989035223665821
-0.7889841655569934,2.987281078682487
-0.8016667635281213,2.985470444269817
-0.8139421714622214,2.983605170822114
-0.8258130431506659,2.981687083900292
-0.8372827925605669,2.979717980561659
-0.8483555108711042,2.977699626234802
-0.8590358876289083,2.975633752101176
-0.8693291363892917,2.973522052943511
-0.8792409250772376,2.971366185420735
-0.8887773111886477,2.969167766729524
-0.8979446818565573,2.966928373613624
-0.9067496987286522,2.964649541683664
-0.9151992475392232,2.96233276501214
-0.9233003922101621,2.959979495970385
-0.9310603332786362,2.957591145276746
-0.9384863704235542,2.95516908222758
-0.9455858688459053,2.952714635085144
-0.952366229248967,2.950229091598771
-0.9588348611612089,2.947713699638207
-0.9649991593467588,2.945169667919936
-0.9708664830538987,2.942598166809647
-0.9764441378609636,2.940000329185742
-0.9817393598896234,2.937377251350685
-0.9867593021680476,2.934729993978546
-0.9915110229394493,2.932059583088638
-0.9960014757253541,2.929367011036479
-1.000237500966595,2.926653237514484
-1.004225819078757,2.923919190555918
-1.007973024771943,2.921165767536601
-1.01148558249759,2.918393836169664
-1.014769822897012,2.915604235489472
-1.017831940137877,2.912797776821439
-1.020677990035394,2.909975244735074
-1.023313888864938,2.907137397978077
-1.025745412781961,2.904284970389778
-1.027978197773515,2.901418671792533
-1.030017740073333,2.898539188860099
-1.031869396979581,2.895647185962213
-1.033538388020657,2.892743305984895
-1.035029796420372,2.88982817112618
-1.036348570818974,2.886902383667147
-1.037499527211346,2.883966526718295
-1.03848735106788,2.881021164941397
-1.039316599607495,2.87806684524708
-1.03999170419564,2.875104097468511
-1.040516972843252,2.87213343501152
-1.040896592785499,2.869155355481694
-1.041134633121485,2.86617034128891
-1.041235047498492,2.863178860229855
-1.041201676826184,2.86018136604909
-1.04103825200808,2.857178298979268
-1.040748396679138,2.85417008626107
-1.040335629939741,2.851157142643503
-1.039803369077607,2.848139870865111
-1.039154932270316,2.845118662116795
-1.03839354126211,2.842093896486732
-1.037522324009549,2.839065943388118
-1.036544317291349,2.836035161970199
-1.035462469278543,2.833001901513294
-1.034279642061555,2.829966501808256
-1.032998614131551,2.826929293521052
-1.031622082813729,2.823890598542893
-1.030152666650786,2.820850730326527
-1.028592907735109,2.817809994209175
-1.026945273988624,2.814768687722605
-1.025212161389505,2.811727100890852
-1.023395896145257,2.808685516516047
-1.021498736811859,2.805644210452807
-1.019522876358941,2.802603451871636
-1.017470444181049,2.79956350351175
-1.015343508055331,2.796524621923772
-1.013144076045984,2.793487057702646
-1.010874098356032,2.790451055711201
-1.008535469127042,2.787416855294715
-1.006130028187498,2.784384690486828
-1.00365956275061,2.781354790207163
-1.001125809062445,2.778327378450991
-0.9985304540012359,2.775302674471237
-0.9958751366288645,2.772280892953151
-0.9931614496954843,2.769262244181941
-0.99039094109828,2.766246934203633
-0.9875651152954458,2.763235164979469
-0.9846854346763616,2.760227134534037
-0.9817533208891224,2.757223037097483
-0.9787701561263806,2.754223063241943
-0.9757372843706673,2.751227400012504
-0.9726560126001959,2.748236231052884
-0.9695276119562428,2.745249736726046
-0.9663533188731382,2.742268094229954
-0.9631343361719474,2.739291477708688
-0.959871834118825,2.736320058359061
-0.9565669514491153,2.733354004532975
-0.9532207963581606,2.730393481835643
-0.9498344474598407,2.727438653219878
-0.9464089547137714,2.72448967907658
-0.9429453403221745,2.721546717321617
-0.939444599597275,2.718609923479175
-0.9359077018002206,2.715679450761814
-0.9323355909523334,2.712755450147268
-0.9287291866196451,2.709838070452206
-0.9250893846714939,2.706927458402996
-0.9214170580140641,2.704023758703666
-0.9177130572996508,2.701127114101125
-0.913978211612447,2.698237665447773
-0.9102133291315968,2.695355551761601
-0.9064191977723067,2.692480910283889
-0.9025965858056745,2.689613876534583
-0.8987462424579944,2.686754584365461
-0.8948688984901871,2.683903166011159
-0.8909652667580342,2.681059752138158
-0.8870360427538354,2.678224471891791
-0.8830819051301633,2.675397452941391
-0.8791035162062335,2.672578821523582
-0.8751015224575827,2.669768702483872
-0.8710765549895092,2.666967219316541
-0.8670292299949274,2.664174494202936
-0.8629601491970823,2.66139064804821
-0.8588699002776956,2.658615800516588
-0.8547590572910122,2.655850070065189
-0.8506281810642435,2.653093573976497
-0.8464778195848426,2.65034642838948
-0.8423085083751186,2.647608748329483
-0.8381207708545523,2.644880647736854
-0.8339151186902949,2.642162239494436
-0.8296920521362199,2.639453635453902
-0.8254520603609361,2.63675494646102
-0.8211956217651227,2.634066282379864
-0.8169232042885949,2.631387752116027
-0.8126352657073759,2.62871946363885
-0.8083322539212218,2.626061524002746
-0.8040146072318118,2.623414039367595
-0.7996827546120359,2.620777115018305
-0.7953371159665857,2.618150855383514
-0.7909781023842199,2.615535364053512
-0.7866061163819509,2.61293074379738
-0.782221552141443,2.610337096579388
-0.7778247957378691,2.607754523574674
-0.7734162253615265,2.605183125184237
-0.7689962115324029,2.602623001049264
-0.7645651173079726,2.600074250064803
-0.7601232984844443,2.597536970392841
-0.7556711037916759,2.595011259474759
-0.7512088750819623,2.592497214043231
-0.7467369475129497,2.589994930133558
-0.7422556497247962,2.587504503094469
-0.737765304011869,2.585026027598411
-0.7332662264890597,2.58255959765132
-0.7287587272530049,2.580105306601947
-0.7242431105382832,2.577663247150679
-0.7197196748688336,2.575233511357937
-0.7151887132047151,2.572816190652141
-0.7106505130843775,2.570411375837239
-0.7061053567625762,2.56801915709985
-0.7015535213441184,2.56563962401601
-0.6969952789135151,2.563272865557541
-0.6924308966607365,2.560918970098057
-0.6878606370031592,2.558578025418612
-0.6832847577038569,2.556250118713029
-0.6787035119863187,2.553935336592865
-0.674117148645777,2.551633765092099
-0.6695259121571675,2.549345489671478
-0.6649300427799301,2.547070595222594
-0.6603297766596548,2.544809166071651
-0.6557253459267729,2.542561285982978
-0.6511169787922989,2.540327038162252
-0.6465048996407891,2.538106505259478
-0.6418893291205662,2.53589976937171
-0.6372704842313208,2.533706912045536
-0.6326485784091436,2.53152801427932
-0.6280238216091282,2.529363156525232
-0.6233964203855433,2.52721241869104
-0.6187665779697294,2.525075880141709
-0.6141344943457371,2.522953619700783
-0.6095003663238157,2.520845715651579
-0.6048643876117803,2.518752245738172
-0.6002267488843859,2.516673287166227
-0.5955876378506882,2.514608916603611
-0.5909472393195521,2.512559210180877
-0.5863057352632607,2.510524243491539
-0.5816633048793918,2.508504091592221
-0.5770201246509191,2.506498829002626
-0.5723763684046635,2.504508529705365
-0.5677322073681117,2.502533267145647
-0.563087810224666,2.500573114230814
-0.5584433431673508,2.49862814332975
-0.5537989699510782,2.496698426272166
-0.5491548519434398,2.494784034347741
-0.5445111481741425,2.492885038305162
-0.5398680153830818,2.491001508351027
-0.5352256080671273,2.489133514148664
-0.5305840785256167,2.487281124816803
-0.5259435769046688,2.485444408928183
-0.5213042512402574,2.483623434508026
-0.516666247500187,2.481818269032445
-0.5120297096248999,2.480028979426726
-0.5073947795672551,2.478255632063556
-0.502761597331208,2.476498292761137
-0.4981303010095096,2.474757026781235
-0.4935010268203988,2.473031898827143
-0.4888739091433556,2.47132297304158
-0.4842490805538969,2.469630313004497
-0.4796266718575168,2.467953981730843
-0.4750068121227116,2.466294041668242
-0.470389628713185,2.464650554694619
-0.4657752473192266,2.463023582115769
-0.4611637919882869,2.461413184662863
-0.4565553851548007,2.459819422489908
-0.4519501476692293,2.458242355171151
-0.4473481988264169,2.456682041698441
-0.4427496563932071,2.455138540478542
-0.4381546366353988,2.453611909330409
-0.4335632543440303,2.452102205482422
-0.4289756228610307,2.450609485569584
-0.4243918541042274,2.449133805630684
-0.4198120585917838,2.447675221105435
-0.4152363454660131,2.446233786831572
-0.4106648225166549,2.444809557041938
-0.4060975962035809,2.443402585361533
-0.4015347716789852,2.442012924804551
-0.3969764528090285,2.440640627771391
-0.3924227421950218,2.439285746045659
-0.3878737411940745,2.437948330791147
-0.3833295499393202,2.436628432548805
-0.3787902673596404,2.435326101233707
-0.3742559911989846,2.434041386131994
-0.3697268180352274,2.43277433589783
-0.3652028432986351,2.431524998550345
-0.3606841612899134,2.430293421470574
-0.3561708651978769,2.429079651398399
-0.3516630471167215,2.427883734429502
-0.3471607980629609,2.426705716012306
-0.3426642079919737,2.425545640944935
-0.338173365814236,2.424403553372183
-0.3336883594112033,2.423279496782481
-0.3292092756508871,2.422173514004894
-0.3247362004030943,2.421085647206108
-0.3202692185544067,2.420015937887466
-0.3158084140228206,2.418964426881985
-0.3113538697721562,2.417931154351422
-0.3069056678261425,2.416916159783339
-0.3024638892822955,2.415919481988212
-0.2980286143254897,2.414941159096542
-0.2935999222413246,2.41398122855601
-0.289177891429234,2.41303972712865
-0.2847625994153781,2.412116690888052
-0.2803541228653009,2.411212155216603
-0.2759525375964025,2.410326154802747
-0.2715579185901751,2.409458723638296
-0.2671703400042685,2.408609895015755
-0.2627898751843518,2.407779701525707
-0.2584165966758056,2.406968175054215
-0.254050576235216,2.406175346780278
-0.2496918848417416,2.405401247173323
-0.2453405927082668,2.404645905990731
-0.2409967692924573,2.403909352275428
-0.2366604833076099,2.403191614353489
-0.2323318027334181,2.402492719831821
-0.228010794826553,2.401812695595871
-0.2236975261311464,2.401151567807387
-0.2193920624891358,2.400509361902233
-0.2150944690505035,2.399886102588252
-0.2108048102833805,2.399281813843179
-0.2065231499840819,2.39869651891261
-0.2022495512870004,2.398130240308021
-0.1979840766744335,2.397582999804843
-0.1937267879863082,2.397054818440597
-0.1894777464298269,2.396545716513076
-0.1852370125890168,2.396055713578594
-0.1810046464342407,2.395584828450294
-0.1767807073315844,2.395133079196499
-0.1725652540522392,2.394700483139145
-0.1683583447817654,2.394287056852264
-0.1641600371293531,2.393892816160523
-0.1599703881369872,2.393517776137841
-0.1557894542885967,2.39316195110605
-0.1516172915191429,2.392825354633635
-0.1474539552236865,2.392507999534534
-0.143299500266396,2.392209897866996
-0.1391539809895606,2.391931060932513
-0.1350174512225434,2.391671499274816
-0.1308899642907379,2.391431222678933
-0.1267715730244963,2.391210240170321
-0.1226623297680517,2.391008560014055
-0.1185622863884152,2.390826189714102
-0.114471494284298,2.390663136012638
-0.1103900043949918,2.390519404889459
-0.1063178672092976,2.390395001561445
-0.1022551327744137,2.390289930482097
-0.09820185070487782,2.390204195341144
-0.09415807019148768,2.390137799064218
-0.09012384001026091,2.390090743812601
-0.08609920853140873,2.390063030983039
-0.0820842237283361,2.390054661207626
-0.07807893318666149,2.390065634353758
-0.07408338411329091,2.390095949524163
-0.07009762334549949,2.390145605056984
-0.06612169736007552,2.390214598525957
-0.06215565228249172,2.390302926740634
-0.05819953389613767,2.39041058574669
-0.05425338765157808,2.390537570826296
-0.0503172586759035,2.390683876498563
-0.04639119178208568,2.39084949652005
-0.04247523147845175,2.391034423885345
-0.03856942197816596,2.391238650827716
-0.03467380720882721,2.391462168819823
-0.03078843082210166,2.391704968574511
-0.02691333620344796,2.391967040045651
-0.02304856648192063,2.392248372429074
-0.01919416454004953,2.392548954163544
-0.01535017302379657,2.392868772931818
-0.01151663435262923,2.393207815661762
-0.007693590729649311,2.393566068527536
-0.00388108415184751,2.393943516950843
-7.915642044007484e-05,2.394340145602234
0.003712150848676024,2.394755938402496
0.007492796214385854,2.395190878524081
0.01126273839967182,2.395644948392607
0.01502193628085802,2.396118129688427
0.01877034887668788,2.396610403348242
0.02250793533733283,2.397121749566788
0.02623465493321821,2.397652147798581
0.02995046704377205,2.398201576759706
0.03365533114599952,2.398770014429684
0.0373492068029425,2.399357438053378
0.04103205365198281,2.399963824142964
0.0447038313930159,2.400589148479954
0.04836449977644618,2.40123338611727
0.05201401859106062,2.401896511381372
0.05565234765171308,2.402578497874443
0.05927944678686504,2.403279318476613
0.062895275825941,2.40399894534824
0.06649979458653163,2.404737349932237
0.07009296286139476,2.405494502956449
0.07367474040528532,2.406270374436067
0.0772450869216046,2.407064933676096
0.0808039620488404,2.40787814927386
0.08435132534682203,2.408709989121552
0.08788713628275975,2.409560420408821
0.09141135421709373,2.410429409625408
0.09492393838910305,2.411316922563798
0.09842484790231905,2.412222924321939
0.1019140417096974,2.413147379305969
0.105391478598566,2.41409025123299
0.1088571171753249,2.415051503133871
0.1123109158499231,2.416031097356086
0.1157528328200529,2.41702899556657
0.119182826055124,2.418045158754616
0.1226008532799378,2.419079547234786
0.1260068719581239,2.420132120649857
0.1294008392752704,2.421202837973776
0.1327827121217904,2.422291657514655
0.1361524470754846,2.423398536917766
0.1395100003838084,2.424523433168565
0.1428553279458246,2.425666302595729
0.1461883852938558,2.42682710087421
0.1495091275747879,2.428005783028291
0.1528175095310652,2.429202303434668
0.1561134854813273,2.430416615825524
0.1593970093007025,2.431648673291627
0.1626680344007367,2.432898428285414
0.1659265137089627,2.434165832624099
0.1691723996480676,2.43545083749276
0.1724056441147051,2.436753393447442
0.1756261984578654,2.438073450418247
0.1788340134568772,2.439410957712427
0.182029039298948,2.440765864017456
0.1852112255563014,2.442138117404114
0.1883805211628541,2.443527665329534
0.1915368743904336,2.444934454640262
0.1946802328245318,2.446358431575275
0.1978105433395814,2.447799541769
0.2009277520737122,2.449257730254309
0.2040318044030303,2.450732941465477
0.2071226449153429,2.452225119241144
0.2102002173833658,2.453734206827212
0.2132644647373578,2.455260146879747
0.2163153290372104,2.456802881467826
0.2193527514439173,2.458362352076362
0.2223766721904809,2.459938499608881
0.2253870305521606,2.461531264390266
0.228383764816119,2.463140586169464
0.23136681225038,2.464766404122129
0.2343361090721416,2.466408656853239
0.2372915904153726,2.468067282399646
0.2402331902977086,2.469742218232582
0.2431608415866039,2.471433401260101
0.2460744759647387,2.473140767829475
0.2489740238946305,2.474864253729504
0.2518594145824626,2.476603794192792
0.2547305759410732,2.478359323897925
0.2575874345521023,2.480130776971598
0.2604299156272569,2.481918086990652
0.263257942968687,2.483721186984054
0.2660714389284124,2.485540009434763
0.2688703243668183,2.487374486281551
0.2716545186101391,2.489224548920697
0.2744239394069539,2.49109012820762
0.2771785028836035,2.492971154458397
0.2799181234985637,2.494867557451188
0.2826427139956756,2.496779266427564
0.2853521853562515,2.498706210093715
0.2880464467499826,2.500648316621553
0.2907254054846454,2.502605513649715
0.2933889669545286,2.504577728284411
0.2960370345875881,2.506564887100185
0.2986695097912466,2.508566916140527
0.3012862918968212,2.510583740918357
0.3038872781025243,2.512615286416372
0.3064723634150053,2.514661477087254
0.3090414405893568,2.516722236853719
0.3115944000675831,2.518797489108433
0.3141311299154237,2.520887156713749
0.3166515157575394,2.522991162001298
0.3191554407109508,2.525109426771401
0.3216427853167182,2.527241872292312
0.3241134274697762,2.529388419299276
0.3265672423468731,2.53154898799341
0.3290041023325518,2.533723498040376
0.331423876943116,2.535911868568872
0.3338264327484821,2.538114018168901
0.3362116332919007,2.540329864889844
0.3385793390074208,2.542559326238295
0.3409294071350591,2.544802319175687
0.3432616916335741,2.547058760115664
0.3455760430907857,2.54932856492123
0.3478723086313261,2.551611648901626
0.3501503318217741,2.55390792680897
0.3524099525730374,2.556217312834606
0.3546510070399387,2.558539720605198
0.3568733275178546,2.560875063178512
0.3590767423363594,2.563223253038927
0.3612610757497261,2.565584202092619
0.3634261478241985,2.567957821662443
0.365571774321914,2.570344022482469
0.3676977665813667,2.572742714692204
0.3698039313942685,2.575153807830432
0.3718900708787113,2.577577210828716
0.3739559823484693,2.580012832004511
0.3760014581783256,2.582460579053889
0.3780262856652632,2.584920359043863
0.3800302468853932,2.587392078404291
0.3820131185464367,2.589875642919348
0.3839746718356357,2.592370957718556
0.3859146722628884,2.594877927267337
0.3878328794989772,2.597396455357098
0.3897290472086604,2.599926445094809
0.3916029228784927,2.602467798892072
0.393454247639136,2.605020418453646
0.3952827560819814,2.607584204765421
0.3970881760698622,2.610159058081816
0.3988702285416496,2.612744877912585
0.400628627310478,2.615341563008983
0.4023630788553955,2.617949011349316
0.4040732821061615,2.620567120123802
0.4057589282209535,2.623195785718746
0.4074197003567037,2.625834903699993
0.4090552734317978,2.628484368795641
0.4106653138808238,2.631144074877957
0.4122494794011021,2.633813914944511
0.4138074186906389,2.63649378109844
0.4153387711772184,2.639183564527877
0.4168431667382522,2.641883155484429
0.4183202254110641,2.644592443260743
0.4197695570932151,2.647311316167083
0.4211907612324892,2.650039661506865
0.4225834265061479,2.652777365551159
0.4239471304890203,2.655524313512056
0.4252814393099961,2.658280389514898
0.4265859072964769,2.661045476569294
0.4278600766062993,2.663819456538899
0.4291034768466381,2.666602210109869
0.4303156246793903,2.669393616757978
0.4314960234124829,2.672193554714292
0.4326441625765705,2.675001900929391
0.4337595174865165,2.677818531036027
0.4348415487870834,2.680643319310188
0.435889701982178,2.683476138630468
0.4369034069470082,2.686316860435705
0.4378820774224679,2.689165354680768
0.4388251104910446,2.692021489790451
0.4397318860334964,2.694885132611357
0.4406017661655525,2.697756148361707
0.4414340946538134,2.70063440057897
0.4422281963100393,2.70351975106521
0.4429833763629506,2.706412059830055
0.443698919806644,2.709311185031188
0.4443740907246894,2.71221698291221
0.4450081315889459,2.715129307737811
0.4456002625320677,2.718048011726066
0.4461496805926837,2.720972944977767
0.446655558932135,2.723903955402616
0.4471170460216685,2.726840888642172
0.4475332647989013,2.729783587989364
0.4479033117923695,2.732731894304413
0.4482262562128789,2.735685645927016
0.4485011390104021,2.738644678584593
0.4487269718951467,2.741608825296397
0.4489027363214482,2.744577916273322
0.4490273824330354,2.747551778813179
0.4490998279682239,2.750530237191209
0.4491189571235127,2.753513112545632
0.4490836193740386,2.756500222757976
0.4489926282493031,2.759491382327903
0.4488447600625305,2.762486402242327
0.4486387525920032,2.765485089838456
0.4483733037126668,2.76848724866056
0.4480470699762813,2.771492678310039
0.4476586651383687,2.774501174288576
0.4472066586301721,2.777512527833944
0.4466895739738584,2.780526525748135
0.4461058871391519,2.783542950217443
0.4454540248396276,2.786561578624071
0.4447323627668795,2.789582183348855
0.4439392237608149,2.792604531564668
0.4430728759143638,2.79562838502002
0.4421315306109528,2.79865349981239
0.4411133404931566,2.801679626150743
0.4400163973610445,2.804706508106754
0.4388387299988647,2.8077338833541
0.437578301928827,2.810761482895307
0.4362330090909843,2.813789030775474
0.4348006774483451,2.816816243782289
0.4332790605167031,2.819842831131603
0.4316658368188825,2.822868494137924
0.4299586072635287,2.825892925869049
0.4281548924489345,2.828915810784116
0.4262521298929264,2.831936824354246
0.4242476711903412,2.834955632665005
0.4221387791003142,2.837971891999799
0.4199226245663338,2.840985248403337
0.4175962836728247,2.843995337224285
0.4151567345430474,2.847001782636152
0.4126008541841762,2.850004197135473
0.4099254152866564,2.853002181016338
0.40712708298641,2.855995321820239
0.4042024115999886,2.858983193760307
0.4011478413446913,2.861965357118854
0.3979596950575712,2.864941357617313
0.3946341749297112,2.867910725757495
0.3911673592745353,2.870872976133281
0.3875551993519999,2.873827606711719
0.3837935162735454,2.876774098082711
0.3798779980164095,2.879711912676411
0.3758041965798291,2.882640493947552
0.3715675253200741,2.885559265526116
0.3671632565062019,2.888467630333738
0.3625865191438083,2.891364969665496
0.35783229711998,2.894250642236877
0.3528954277292619,2.897123983195948
0.3477706006475227,2.899984303100997
0.3424523574285229,2.902830886864239
0.336935091606312,2.905662992662571
0.3312130494959566,2.908479850816683
0.3252803317947425,2.911280662640476
0.3191308960968041,2.914064599263127
0.3127585604451487,2.916830800426954
0.3061570080571508,2.919578373264824
0.2993197933718036,2.922306391061803
0.2922403495801829,2.925013892006603
0.2849119978135686,2.927699877939504
0.2773279581772282,2.930363313104593
0.2694813628310932,2.933003122915479
0.2613652713313557,2.935618192745122
0.2529726884591599,2.938207366752049
0.244296584773413,2.940769446756903
0.2353299201335178,2.94330319118534
0.2260656704446269,2.945807314095156
0.2164968578808224,2.948280484307929
0.2066165848410477,2.95072132466758
0.1964180718858883,2.953128411450903
0.1858946998911621,2.955500273957384
0.1750400566334052,2.95783539430841
0.1638479879934762,2.960132207488233
0.1523126539240713,2.962389101661729
0.1404285892753308,2.964604418806067
0.1281907695071881,2.966776455695519
0.1155946812365915,2.968903465280248
0.1026363974715621,2.970983658501031
0.08931265727064745,2.973015206582371
0.07562094943530449,2.974996243846114
0.06155959969518027,2.976924871086375
0.04712786068137437,2.978799159544137
0.03232600380447014,2.980617155516017
0.01715541196326549,2.982376885626449
0.001618671813200803,2.984076362785482
-0.01428033587622065,2.985713592845708
-0.03053634943855055,2.987286581961102
-0.04714264494562426,2.988793344638229
-0.064090962259105,2.990231912455807
-0.081371440617705,2.991600343412847
-0.09897256595268997,2.992896731848128
-0.1168811321409586,2.994119218855567
-0.1350822183514462,2.995266003101112
-0.1535591845095069,2.996335351928116
-0.1722936866875794,2.997325612620235
-0.1912657139244944,2.998235223674528
-0.2104536475830444,2.999062725923615
-0.2298343438788063,2.999806773335106
-0.2493832396669433,3.00046614330998
-0.2690744809710672,3.001039746299766
-0.2888810731043381,3.001526634565873
-0.3087750505901257,3.00192600991337
-0.3287276644699956,3.002237230246211
-0.3487095840173829,3.002459814810965
-0.3686911093871124,3.002593448020966
-0.3886423913496422,3.002637981781888
-0.4085336540047744,3.002593436271785
-0.4283354162583576,3.002459999162534
-0.4480187078837311,3.002238023304074
-0.4675552761741326,3.001928022926279
-0.4869177795158321,3.001530668444758
-0.5060799646532309,3.001046779984777
-0.5250168249566159,3.000477319761133
-0.5437047376090317,2.999823383470453
-0.5621215782741362,2.999086190865286
-0.5802468124582146,2.998267075686874
-0.5980615634117643,2.997367475135188
-0.6155486570009944,2.996388919051594
-0.6326926445005564,2.995333018981555
-0.6494798046978715,2.994201457273054
-0.6658981270510322,2.992995976351622
-0.6819372779001972,2.991718368296018
-0.6975885519001462,2.990370464820207
-0.7128448109245561,2.988954127748628
-0.7277004126985027,2.987471240052965
-0.7421511313568525,2.985923697500826
-0.7561940720142717,2.984313400949865
-0.7698275812790287,2.982642249305853
-0.7830511554615422,2.980912133149562
-0.7958653480282033,2.979124929025913
-0.8082716776438147,2.977282494379035
-0.8202725379374588,2.975386663109144
-0.8318711099260165,2.973439241720979
-0.8430712778392997,2.971442006029136
-0.8538775489168142,2.969396698382536
-0.8642949775887621,2.967305025368506
-0.8743290943154841,2.96516865595621
-0.8839858392400729,2.962989220039324
-0.8932715007073797,2.960768307338705
-0.9021926586188757,2.95850746662725
-0.9107561325252739,2.956208205240922
-0.9189689343052422,2.953871988842112
-0.9268382252386607,2.951500241403719
-0.9343712772533918,2.94909434538487
-0.9415754381053557,2.946655642071464
-0.9484581002398926,2.944185432057352
-0.9550266730778404,2.941684975844078
-0.9612885584698855,2.939155494539543
-0.9672511290676956,2.936598170637926
-0.9729217093679282,2.934014148865283
-0.9783075591956983,2.931404537076974
-0.983415859405729,2.928770407194861
-0.9882536995926116,2.926112796173638
-0.992828067615009,2.923432706987154
-0.9971458407524423,2.920731109626754
-1.001213778327117,2.918008942104848
-1.005038515636473,2.915267111457863
-1.008626559055131,2.912506494743683
-1.011984282177269,2.909727940029395
-1.015117922881942,2.906932267365929
-1.018033581214902,2.904120269746683
-1.020737217990527,2.901292714047886
-1.02323465402691,2.898450341948756
-1.025531569935763,2.895593870830068
-1.027633506396798,2.892723994649931
-1.029545864853413,2.889841384796031
-1.031273908573192,2.886946690913696
-1.032822764022688,2.884040541709473
-1.034197422511359,2.881123545730046
-1.03540274206453,2.878196292116435
-1.036443449489578,2.875259351333641
-1.037324142603588,2.872313275875948
-1.038049292594279,2.869358600948137
-1.038623246489262,2.86639584512311
-1.039050229711487,2.863425510976232
-1.039334348701452,2.860448085697024
-1.039479593588895,2.857464041678603
-1.039489840898942,2.854473837085548
-1.039368856279342,2.851477916400666
-1.039120297237239,2.848476710951346
-1.038747715875268,2.84547063941603
-1.038254561618163,2.842460108311451
-1.03764418392219,2.839445512461229
-1.036919834960776,2.836427235446447
-1.036084672280614,2.833405650038784
-1.035141761423383,2.830381118616811
-1.034094078508921,2.827353993566051
-1.03294451277636,2.824324617663345
-1.031695869080292,2.821293324446088
-1.030350870339604,2.818260438566934
-1.028912159936969,2.815226276134416
-1.027382304067516,2.812191145040095
-1.025763794035442,2.809155345272665
-1.024059048497723,2.806119169219576
-1.022270415654309,2.80308290195658
-1.020400175384478,2.80004682152573
-1.018450541329185,2.797011199202216
-1.016423662919493,2.793976299750546
-1.014321627351275,2.790942381670386
-1.012146461506572,2.787909697432572
-1.00990013382209,2.784878493705607
-1.007584556105416,2.781849011573046
-1.005201585299668,2.778821486742125
-1.00275302519733,2.775796149744004
-1.000240628104086,2.772773226125908
-0.9976660964536097,2.769752936635556
-0.9950310843741536,2.766735497398124
-0.9923371992080019,2.7637211200861
-0.9895860029847182,2.760710012082261
-0.9867790138492827,2.757702376636105
-0.9839177074461004,2.75469841301395
-0.9810035182600038,2.751698316643007
-0.9780378409152504,2.748702279249616
-0.9750220314336479,2.745710488991942
-0.9719574084528126,2.742723130587296
-0.9688452544056904,2.739740385434354
-0.9656868166623367,2.736762431730438
-0.9624833086350419,2.733789444584069
-0.9592359108478475,2.730821596123028
-0.9559457719714228,2.727859055598018
-0.9526140098243963,2.724901989482214
-0.9492417123420385,2.721950561566759
-0.9458299385133688,2.719004933052474
-0.9423797192875589,2.716065262637839
-0.9388920584506377,2.713131706603486
-0.9353679334733641,2.710204418893257
-0.9318082963312183,2.707283551192057
-0.9282140742973385,2.704369253000546
-0.9245861707092868,2.701461671706851
-0.9209254657104983,2.69856095265542
-0.9172328169671782,2.695667239213086
-0.9135090603614767,2.692780672832499
-0.9097550106617275,2.689901393113032
-0.9059714621704379,2.68702953785921
-0.9021591893508464,2.684165243136836
-0.8983189474326674,2.681308643326834
-0.8944514729978013,2.678459871176964
-0.8905574845465881,2.675619057851434
-0.8866376830453432,2.672786332978547
-0.8826927524557142,2.669961824696408
-0.8787233602465588,2.667145659696828
-0.8747301578888451,2.664337963267425
-0.8707137813342349,2.661538859332066
-0.8666748514778133,2.658748470489645
-0.8626139746055957,2.655966918051331
-0.8585317428272475,2.653194322076282
-0.8544287344945635,2.650430801405924
-0.8503055146062042,2.647676473696849
-0.8461626351991152,2.644931455452364
-0.8420006357271114,2.642195862052751
-0.8378200434270874,2.639469807784316
-0.8336213736732114,2.636753405867216
-0.8294051303196046,2.634046768482171
-0.8251718060318013,2.63135000679606
-0.8209218826074753,2.628663230986464
-0.8166558312867057,2.62598655026519
-0.8123741130522272,2.623320072900822
-0.808077178919927,2.620663906240309
-0.8037654702200046,2.61801815672967
-0.7994394188690395,2.615382929933808
-0.7950994476333205,2.612758330555483
-0.7907459703837502,2.610144462453484
-0.786379392342557,2.60754142866001
-0.7820001103221413,2.604949331397298
-0.7776085129563299,2.602368272093539
-0.7732049809242421,2.599798351398076
-0.7687898871670971,2.597239669195944
-0.7643635970981257,2.594692324621751
-0.7599264688058958,2.592156416072941
-0.755478853251196,2.589632041222443
-0.7510210944577868,2.587119297030753
-0.746553529697124,2.584618279757434
-0.7420764896673698,2.582129084972095
-0.7375902986667742,2.579651807564833
-0.7330952747617172,2.577186541756179
-0.7285917299495033,2.574733381106549
-0.7240799703161637,2.572292418525237
-0.7195602961893713,2.569863746278943
-0.7150330022866556,2.567447455999864
-0.7104983778591052,2.565043638693375
-0.7059567068306488,2.56265238474529
-0.7014082679330981,2.56027378392872
-0.696853334837117,2.55790792541058
-0.6922921762791757,2.555554897757694
-0.6877250561847237,2.553214788942568
-0.6831522337876014,2.550887686348803
-0.6785739637459202,2.548573676776197
-0.6739904962544189,2.546272846445497
-0.6694020771535216,2.543985281002872
-0.6648089480350983,2.541711065524059
-0.6602113463451373,2.539450284518244
-0.6556095054833442,2.537203021931638
-0.6510036548998144,2.534969361150798
-0.6463940201888844,2.532749385005693
-0.6417808231802049,2.530543175772493
-0.6371642820271597,2.528350815176132
-0.6325446112927361,2.526172384392635
-0.6279220220328566,2.524007964051199
-0.6232967218773506,2.521857634236075
-0.6186689151085395,2.519721474488219
-0.6140388027376129,2.517599563806746
-0.6094065825787649,2.515491980650181
-0.604772449321263,2.513398802937513
-0.6001365945994145,2.511320108049069
-0.5954992070605994,2.509255972827207
-0.5908604724313218,2.507206473576822
-0.5862205735814598,2.505171686065709
-0.5815796905866464,2.503151685524728
-0.5769380007889641,2.501146546647852
-0.5722956788559002,2.499156343592026
-0.5676528968376741,2.497181149976903
-0.5630098242229953,2.49522103888443
-0.5583666279932543,2.493276082858301
-0.5537234726752253,2.491346353903267
-0.5490805203923492,2.489431923484339
-0.5444379309145697,2.487532862525846
-0.5397958617068636,2.485649241410397
-0.5351544679764,2.483781129977702
-0.5305139027184775,2.481928597523319
-0.525874316761173,2.480091712797257
-0.521235858808841,2.478270544002509
-0.5165986754844014,2.476465158793469
-0.5119629113705469,2.474675624274262
-0.5073287090498233,2.472902006996984
-0.5026962091436592,2.471144372959851
-0.4980655503503877,2.469402787605271
-0.4934368694822451,2.46767731581784
-0.4888103015014107,2.465968021922246
-0.4841859795551322,2.464274969681116
-0.4795640350099034,2.462598222292792
-0.4749445974848054,2.460937842389035
-0.4703277948839467,2.459293892032666
-0.4657137534281255,2.457666432715157
-0.4611025976856352,2.456055525354149
-0.4564944506023441,2.454461230290936
-0.4518894335309665,2.452883607287875
-0.4472876662596557,2.451322715525777
-0.442689267039827,2.449778613601217
-0.4380943526133532,2.448251359523839
-0.4335030382390296,2.446741010713584
-0.4289154377184485,2.445247623997918
-0.4243316634212027,2.443771255608999
-0.4197518263094876,2.442311961180811
-0.4151760359621405,2.440869795746297
-0.4106044005980564,2.439444813734426
-0.4060370270991037,2.438037068967273
-0.4014740210324423,2.436646614657043
-0.3969154866723794,2.435273503403102
-0.3923615270216577,2.433917787188973
-0.3878122438323108,2.432579517379331
-0.383267737625988,2.431258744716971
-0.3787281077138627,2.429955519319772
-0.3741934522160669,2.428669890677659
-0.3696638680806888,2.427401907649543
-0.3651394511023793,2.426151618460274
-0.3606202959405209,2.424919070697579
-0.3561064961370072,2.423704311309002
-0.351598144133669,2.422507386598859
-0.3470953312892791,2.421328342225173
-0.342598147896258,2.420167223196637
-0.3381066831969761,2.419024073869575
-0.3336210253997718,2.417898937944909
-0.3291412616945957,2.416791858465146
-0.3246674782683902,2.415702877811376
-0.3201997603201147,2.414632037700278
-0.3157381920755279,2.413579379181158
-0.3112828568016323,2.412544942632984
-0.3068338368209021,2.411528767761468
-0.3023912135251855,2.410530893596144
-0.2979550673894059,2.409551358487489
-0.2935254779849771,2.408590200104062
-0.2891025239929891,2.407647455429668
-0.284686283217182,2.406723160760554
-0.2802768325966735,2.405817351702638
-0.2758742482184738,2.404930063168759
-0.2714786053298239,2.404061329375977
-0.2670899783502861,2.403211183842889
-0.2627084408836956,2.402379659386996
-0.258334065729879,2.401566788122101
-0.2539669248962419,2.400772601455748
-0.2496070896091418,2.399997130086697
-0.2452546303251425,2.399240404002447
-0.2409096167420649,2.398502452476797
-0.2365721178099378,2.397783304067458
-0.2322422017417632,2.397082986613698
-0.2279199360241595,2.396401527234048
-0.2236053874278891,2.395738952324045
-0.219298622018236,2.395095287554035
-0.2149997051652682,2.394470557867009
-0.2107087015540123,2.393864787476511
-0.2064256751944768,2.393277999864583
-0.2021506894316194,2.392710217779771
-0.1978838069551704,2.392161463235179
-0.1936250898094133,2.391631757506588
-0.1893745994028269,2.391121121130618
-0.1851323965177007,2.390629573902967
-0.1808985413196149,2.390157134876682
-0.1766730933669114,2.389703822360513
-0.1724561116200358,2.389269653917312
-0.1682476544508741,2.3888546463625
-0.1640477796519834,2.38845881576259
-0.1598565444458094,2.388082177433776
-0.155674005493833,2.387724745940587
-0.1515002189056669,2.387386535094592
-0.1473352402481471,2.387067557953189
-0.1431791245543508,2.386767826818439
-0.1390319263325978,2.386487353235978
-0.1348936995754443,2.386226147993994
-0.1307644977686142,2.385984221122256
-0.1266443738999582,2.385761581891233
-0.1225333804683529,2.38555823881126
-0.1184315694926352,2.385374199631785
-0.1143389925204828,2.385209471340673
-0.1102557006373414,2.385064060163588
-0.1061817444753039,2.384937971563435
-0.1021171742220427,2.384831210239883
-0.09806203962971261,2.384743780128939
-0.09401639002387988,2.38467568440261
-0.08998027431248334,2.384626925468623
-0.08595374099479047,2.384597504970217
-0.08193683817038495,2.384587423786006
-0.0779296135482009,2.384596682029915
-0.07393211445555106,2.384625279051174
-0.06994438784723087,2.384673213434398
-0.06596648031462425,2.384740482999726
-0.0619984380948719,2.384827084803031
-0.05804030708009531,2.384933015136201
-0.05409213282662432,2.385058269527496
-0.05015396056433179,2.385202842741958
-0.04622583520598627,2.385366728781911
-0.04230780135669304,2.385549920887508
-0.03839990332335542,2.385752411537369
-0.03450218512424934,2.385974192449269
-0.03061469049864404,2.3862152545809
-0.02673746291649753,2.386475588130713
-0.02287054558822118,2.386755182538803
-0.01901398147455532,2.387054026487879
-0.01516781329648416,2.387372107904301
-0.01133208354528243,2.38770941395917
-0.007506834492621831,2.388065931069494
-0.003692108200781561,2.388441644899417
0.000112053467037943,2.388836540361507
0.003905608836287805,2.389250601618115
0.00768851641058246,2.389683812082793
0.01146073486104807,2.390136154421774
0.01522222301558362,2.390607610555515
0.01897293984800674,2.391098161660297
0.02271284446707843,2.391607788169896
0.02644189610538311,2.392136469777296
0.03016005410811509,2.392684185436477
0.0338672779216907,2.393250913364249
0.03756352708225823,2.393836631042147
0.04124876120405243,2.394441315218389
0.04492293996760385,2.395064941909871
0.04858602310778421,2.395707486404229
0.05223797040174091,2.396368923261957
0.05587874165662159,2.397049226318566
0.05950829669717694,2.397748368686794
0.06312659535315188,2.398466322758878
0.06673359744657002,2.399203060208858
0.07032926277877263,2.399958551994945
0.07391355111732399,2.400732768361915
0.07748642218269242,2.401525678843568
0.08104783563478937,2.40233725226522
0.084597751059264,2.403167456746231
0.08813612795361263,2.404016259702593
0.09166292571309283,2.404883627849538
0.0951781036164162,2.405769527204196
0.09868162081120865,2.406673923088284
0.1021734362992782,2.407596780130836
0.1056535089216165,2.40853806227096
0.1091217973431928,2.409497732760634
0.1125782600374979,2.410475754167529
0.1160228552708296,2.411472088377866
0.1194555410863313,2.41248669659929
0.1228762752877711,2.413519539363788
0.1262850154230556,2.414570576530614
0.1296817187674457,2.415639767289252
0.1330663423065281,2.416727070162388
0.1364388427188539,2.417832443008911
0.1397991763583148,2.418955843026926
0.1431472992361962,2.420097226756792
0.1464831670029224,2.421256550084161
0.1498067349294626,2.422433768243039
0.1531179578884504,2.423628835818863
0.156416790334911,2.424841706751577
0.1597031862866814,2.426072334338714
0.1629770993044383,2.427320671238494
0.1662384824714052,2.428586669472924
0.1694872883726369,2.429870280430884
0.1727234690739454,2.431171454871239
0.1759469761004075,2.432490142925912
0.1791577604145015,2.433826294103002
0.1823557723937826,2.435179857289846
0.1855409618081506,2.436550780756098
0.188713277796676,2.437939012156802
0.191872668843973,2.439344498535433
0.1950190827560882,2.440767186326938
0.1981524666359447,2.442207021360755
0.2012727668582539,2.443663948863808
0.2043799290439537,2.445137913463486
0.2074738980341152,2.446628859190596
0.2105546178633107,2.448136729482292
0.2136220317324264,2.449661467184959
0.2166760819809455,2.451203014557098
0.2197167100586041,2.45276131327214
0.222743856496475,2.454336304421249
0.2257574608774387,2.455927928516076
0.2287574618060196,2.457536125491476
0.2317437968775591,2.459160834708167
0.2347164026467474,2.460801994955368
0.2376752145954385,2.462459544453357
0.2406201670997775,2.464133420855999
0.2435511933965961,2.465823561253212
0.2464682255490538,2.467529902173368
0.2493711944114977,2.469252379585635
0.2522600295935636,2.470990928902269
0.2551346594234155,2.472745484980819
0.257995010910176,2.47451598212627
0.2608410097054608,2.476302354093109
0.2636725800640606,2.478104534087326
0.2664896448036574,2.479922454768319
0.2692921252636294,2.481756048250721
0.2720799412628466,2.483605246106141
0.2748530110565031,2.485469979364817
0.2776112512918709,2.487350178517172
0.2803545769630066,2.489245773515263
0.2830829013643529,2.491156693774144
0.2857961360432115,2.493082868173116
0.2884941907510253,2.495024225056861
0.2911769733934833,2.496980692236473
0.2938443899793493,2.498952196990364
0.2964963445680317,2.500938666065046
0.299132739215821,2.502940025675796
0.3017534739207572,2.504956201507182
0.3043584465660801,2.506987118713445
0.3069475528622622,2.509032701918762
0.3095206862874927,2.511092875217343
0.3120777380266412,2.513167562173389
0.3146185969086189,2.515256685820885
0.317143149342091,2.517360168663246
0.3196512792494688,2.519477932672769
0.3221428679991687,2.521609899289959
0.3246177943360309,2.523755989422615
0.3270759343098709,2.525916123444789
0.3295171612021005,2.528090221195519
0.3319413454503305,2.530278201977384
0.3343483545709053,2.53247998455483
0.3367380530793217,2.534695487152327
0.339110302408409,2.536924627452261
0.3414649608242427,2.539167322592645
0.3438018833396825,2.541423489164551
0.3461209216254963,2.543693043209358
0.3484219239189287,2.545975900215694
0.350704734929682,2.548271975116165
0.3529691957431771,2.550581182283789
0.3552151437210559,2.552903435528179
0.3574424123987602,2.555238648091425
0.3596508313801378,2.557586732643687
0.361840226228961,2.55994760127849
0.3640104183572441,2.562321165507702
0.366161224910233,2.564707336256178
0.3682924586479957,2.567106023856089
0.3704039278234373,2.569517138040879
0.3724954360566541,2.57194058793888
0.3745667822054868,2.57437628206655
0.3766177602321228,2.576824128321324
0.3786481590656173,2.579284033974057
0.380657762460206,2.581755905661082
0.3826463488492131,2.58423964937581
0.384613691194434,2.586735170459897
0.3865595568308184,2.589242373593959
0.3884837073062725,2.591761162787816
0.3903858982164124,2.59429144137021
0.3922658790340821,2.596833111978064
0.394123392933439,2.599386076545161
0.3959581766084131,2.601950236290309
0.3977699600853286,2.604525491704921
0.3995584665294667,2.607111742540016
0.4013234120453436,2.609708887792575
0.4030645054704928,2.612316825691315
0.404781448162462,2.614935453681752
0.406473933778814,2.617564668410608
0.4081416480498324,2.620204365709489
0.4097842685436956,2.622854440577847
0.4114014644237826,2.625514787165143
0.4129928961978569,2.628185298752242
0.414558215458782,2.630865867731947
0.4160970646164823,2.633556385588711
0.4176090766207691,2.636256742877411
0.4190938746747082,2.638966829201217
0.4205510719381629,2.641686533188476
0.4219802712211181,2.644415742468601
0.4233810646663919,2.647154343646888
0.4247530334213326,2.649902222278266
0.426095747298052,2.652659262839881
0.4274087644217645,2.655425348702511
0.4286916308667523,2.658200362100745
0.4299438802794727,2.660984184101867
0.4311650334882977,2.663776694573389
0.4323545980993792,2.66657777214922
0.4335120680780475,2.669387294194336
0.4346369233152124,2.672205136767943
0.4357286291781501,2.67503117458507
0.4367866360450497,2.677865280976476
0.4378103788226945,2.680707327846847
0.4387992764465803,2.683557185631191
0.439752731362786,2.686414723249335
0.4406701289908552,2.689279808058453
0.4415508371669546,2.692152305803567
0.4423942055664798,2.695032080565862
0.443199565105324,2.697918994708782
0.4439662273189328,2.700812908821755
0.4446934837182773,2.703713681661502
0.4453806051217927,2.706621170090745
0.446026840962359,2.709535229014242
0.4466314185682962,2.712455711312008
0.4471935424173689,2.715382467769629
0.4477123933626988,2.718315347005451
0.448187127829494,2.721254195394583
0.4486168769814352,2.724198856989515
0.4490007458555206,2.727149173437217
0.4493378124641279,2.730104983892518
0.4496271268630349,2.733066124927631
0.4498677101840426,2.736032430437606
0.4500585536308631,2.739003731541526
0.4501986174368501,2.741979856479252
0.4502868297831121,2.74496063050348
0.4503220856755309,2.747945875766886
0.4503032457791251,2.750935411204161
0.450229135208201,2.753929052408612
0.4500985422706597,2.756926611503114
0.4499102171648117,2.759927897005145
0.4496628706270063,2.762932713685566
0.4493551725283668,2.765940862420864
0.4489857504188733,2.76895214003855
0.4485531880170295,2.771966339155331
0.4480560236433424,2.774983248007737
0.4474927485958031,2.778002650274811
0.4468618054655934,2.781024324892451
0.4461615863912412,2.784048045859009
0.4453904312494364,2.787073582031735
0.4445466257808256,2.790100696913523
0.4436283996490679,2.793129148429588
0.4426339244315866,2.79615868869347
0.4415613115404528,2.799189063761935
0.4404086100720393,2.802220013378109
0.4391738045841522,2.80525127070237
0.4378548127995476,2.808282562030305
0.4364494832349325,2.811313606497185
0.4349555927548197,2.814344115768197
0.4333708440498625,2.817373793713824
0.4316928630396356,2.820402336069612
0.4299191962002623,2.823429430079586
0.4280473078177119,2.826454754122524
0.4260745771681264,2.82947797732031
0.4239982956271986,2.832498759127474
0.4218156637112617,2.835516748901124
0.4195237880536216,2.838531585450319
0.4171196783205751,2.841542896563988
0.4146002440726031,2.844550298516445
0.4119622915774287,2.847553395549571
0.4092025205830401,2.850551779330626
0.4063175210602577,2.853545028384741
0.4033037699262205,2.856532707501085
0.4001576277620892,2.859514367111704
0.3968753355405484,2.862489542642014
0.3934530113810499,2.86545775383202
0.3898866473536658,2.868418504027252
0.3861721063553909,2.87137127943856
0.3823051190862844,2.874315548369874
0.3782812811566857,2.877250760413153
0.3740960503610007,2.880176345609825
0.369744744158258,2.883091713578171
0.3652225374050375,2.885996252606163
0.3605244603919306,2.888889328709536
0.3556453972412565,2.891770284655014
0.3505800847304991,2.894638438948919
0.3453231116137838,2.897493084791595
0.339868918521724,2.900333488998524
0.3342117985291023,2.903158890889336
0.3283458984893402,2.905968501146471
0.3222652212452806,2.908761500645639
0.3159636288365951,2.911537039261016
0.3094348468359703,2.914294234648714
0.3026724699584591,2.917032171012887
0.2956699691012046,2.919749897859758
0.2884206999837501,2.922446428745875
0.2809179135727571,2.92512074002804
0.2731547684880197,2.927771769623655
0.2651243455998926,2.930398415791621
0.2568196650405526,2.932999535945529
0.2482337058628005,2.935573945512532
0.2393594285895837,2.938120416853278
0.2301898009051505,2.940637678260114
0.2207178267426406,2.943124413053095
0.210936579023616,2.945579258795552
0.2008392363005089,2.948000806653338
0.1904191235425284,2.950387600924416
0.1796697572876411,2.952738138767961
0.1685848953572129,2.955050870164638
0.1571585912931058,2.95732419814226
0.1453852536293286,2.959556479303313
0.1332597100492611,2.961746024692901
0.12077727640402,2.96389110104753
0.1079338304761637,2.965989932466394
0.09472589026556241,2.968040702547468
0.08115069644838017,2.970041557030842
0.06720629851814554,2.971990606990531
0.05289164395795549,2.97388593261411
0.03820666961911774,2.975725587606024
0.02315239429373162,2.977507604245666
0.00773101127353504,2.979229999124869
-0.008054020512491895,2.980890779581292
-0.02419788838470158,2.982487950834081
-0.04069434261205869,2.984019523816431
-0.05753561987634331,2.985483523685777
-0.07471237558641525,2.986877998977078
-0.09221362721759183,2.988201031347612
-0.1100267108872454,2.98945074584371
-0.1281372533472083,2.990625321601147
-0.1465291614687865,2.991723002872012
-0.1651846311067983,2.992742110252679
-0.184084176952345,2.993681051970542
-0.2032066846181362,2.994538335072462
-0.2225294857500167,2.995312576346132
-0.2420284564315872,2.996002512797623
-0.2616781385632357,2.996607011504995
-0.28145188326949,2.997125078669617
-0.3013220147459792,2.997555867694037
-0.3212600123267379,2.997898686128107
-0.3412367079645059,2.998153001343469
-0.3612224957990345,2.998318444819914
-0.3811875500707408,2.998394814954982
-0.4011020473407615,2.998382078339342
-0.4209363888199462,2.99828036947404
-0.440661418600364,2.998089988939966
-0.4602486337211187,2.99781140006401
-0.4796703822814029,2.997445224158396
-0.4989000462193703,2.996992234438995
-0.5179122058872389,2.996453348753421
-0.536682784140323,2.995829621270013
-0.5551891682942924,2.995122233293603
-0.5734103089569824,2.994332483383157
-0.5913267953828582,2.993461776949919
-0.608920907600477,2.992511615512987
-0.6261766461062771,2.991483585782694
-0.6430797403846111,2.990379348731606
-0.6596176378941656,2.989200628798999
-0.6757794754481621,2.987949203358413
-0.6915560351125922,2.986626892559866
-0.7069396868550956,2.985235549639715
-0.7219243202067667,2.983777051772266
-0.7365052671597606,2.982253291519124
-0.7506792184271321,2.980666168915036
-0.7644441350494738,2.979017584213322
-0.7777991571596438,2.977309431299941
-0.7907445115212888,2.975543591773012
-0.8032814192507433,2.97372192967443
-0.8154120049231329,2.971846286851697
-0.8271392080598458,2.969918478921498
-0.8384666978002765,2.967940291801646
-0.849398791381611,2.965913478774394
-0.859940376887307,2.963839758042118
-0.8700968405805878,2.961720810735166
-0.8798739990136076,2.959558279331683
-0.8892780359960748,2.957353766449785
-0.8983154444174426,2.955108833973794
-0.9069929728445996,2.952825002477896
-0.9153175767588679,2.950503750912665
-0.9232963742523156,2.948146516522113
-0.9309366059704155,2.945754694961382
-0.9382455990661931,2.943329640587544
-0.9452307349167179,2.940872666898484
-0.951899420346273,2.938385047097098
-0.9582590620990904,2.935868014760477
-0.9643170443082832,2.933322764595731
-0.9700807087143531,2.930750453266236
-0.9755573373962635,2.928152200273959
-0.9807541377894589,2.925529088885199
-0.9856782297780201,2.922882167088698
-0.9903366346613712,2.920212448576517
-0.9947362658099185,2.917520913739344
-0.9988839208375736,2.914808510669062
-1.002786275132731,2.912076156162479
-1.006449876602315,2.909324736721022
-1.009881141496034,2.906555109541951
-1.013086351189767,2.903768103497528
-1.01607164981824,2.900964520099021
-1.018843042657441,2.898145134443097
-1.021406395166938,2.895310696138594
-1.023767432611047,2.89246193021211
-1.025931740186091,2.889599537991138
-1.02790476358831,2.886724197963875
-1.029691809963927,2.883836566615045
-1.031298049188957,2.880937279237294
-1.032728515431996,2.878026950717975
-1.033988108958319,2.87510617630122
-1.035081598138145,2.872175532325382
-1.036013621626077,2.869235576936052
-1.036788690682442,2.866286850774922
-1.037411191610566,2.863329877644875
-1.037885388287002,2.860365165151682
-1.038215424764444,2.857393205322859
-1.038405327929394,2.854414475204137
-1.038459010198857,2.851429437434143
-1.038380272242198,2.84843854079781
-1.038172805716044,2.845442220759177
-1.037840196001616,2.842440899974128
-1.037385924935246,2.839434988783685
-1.036813373524047,2.836424885688479
-1.036125824639784,2.833410977805004
-1.035326465684952,2.830393641304228
-1.034418391225934,2.827373241833208
-1.033404605588863,2.82435013492025
-1.032288025414478,2.821324666364199
-1.031071482168914,2.818297172608454
-1.02975772460784,2.815267981100241
-1.028349421191846,2.812237410635647
-1.026849162451456,2.809205771691015
-1.025259463300428,2.806173366741159
-1.023582765296389,2.80314049056489
-1.021821438848129,2.800107430538369
-1.019977785369131,2.797074466916739
-1.018054039377116,2.794041873104461
-1.016052370539645,2.79100991591485
-1.013974885665895,2.787978855819158
-1.011823630644958,2.784948947185676
-1.009600592331119,2.781920438509218
-1.007307700376668,2.778893572631381
-1.00494682901287,2.77586858695191
-1.002519798779915,2.772845713631576
-1.000028378206582,2.769825179786867
-0.9974742854405598,2.766807207676852
-0.994859189830261,2.763792014882457
-0.9921847134592071,2.760779814478582
-0.9894524326338656,2.757770815199223
-0.9866638793260623,2.754765221595972
-0.9838205425709091,2.751763234190086
-0.9809238698214023,2.748765049618467
-0.9779752682606888,2.745770860773733
-0.9749761060730828,2.742780856938642
-0.9719277136749123,2.739795223915109
-0.968831384906271,2.736814144148031
-0.9656883781846861,2.7338377968441
-0.9624999176218323,2.730866358085871
-0.9592671941042592,2.727900000941206
-0.9559913663391958,2.724938895568332
-0.9526735618664587,2.721983209316672
-0.9493148780374426,2.719033106823637
-0.9459163829621495,2.716088750107491
-0.942479116425295,2.713150298656531
-0.9390040907723635,2.710217909514661
-0.9354922917665699,2.707291737363541
-0.9319446794176263,2.704371934601426
-0.9283621887832127,2.701458651418874
-0.924745730743985,2.698552035871379
-0.9210961927529899,2.695652233949127
-0.9174144395603164,2.692759389643938
-0.9137013139137173,2.689873645013524
-0.9099576372360858,2.686995140243185
-0.9061842102804467,2.684124013705016
-0.9023818137632758,2.681260402014769
-0.898551208976776,2.678404440086396
-0.8946931383809094,2.675556261184436
-0.8908083261757757,2.672715996974296
-0.8868974788550491,2.669883777570514
-0.8829612857410375,2.667059731583069
-0.8790004195020779,2.664243986161849
-0.8750155366527859,2.661436667039334
-0.8710072780377631,2.658637898571543
-0.8669762692993215,2.655847803777342
-0.862923121329791,2.653066504376174
-0.8588484307088737,2.650294120824248
-0.8547527801266329,2.647530772349281
-0.8506367387925361,2.64477657698382
-0.8465008628310644,2.642031651597213
-0.8423456956643479,2.639296111926284
-0.8381717683822758,2.636570072604762
-0.8339796001004496,2.633853647191477
-0.8297696983065016,2.63114694819744
-0.8255425591950939,2.628450087111783
-0.8212986679920088,2.625763174426631
-0.8170384992677087,2.62308631966095
-0.8127625172407514,2.620419631383403
-0.8084711760713392,2.617763217234234
-0.8041649201454332,2.615117183946265
-0.7998441843496733,2.612481637364978
-0.7955093943374616,2.609856682467756
-0.7911609667865114,2.607242423382305
-0.7867993096481599,2.604638963404294
-0.782424822388659,2.602046405014204
-0.7780378962228405,2.599464849893478
-0.7736389143402989,2.596894398939939
-0.769228252124438,2.594335152282554
-0.7648062773645229,2.591787209295492
-0.760373350461101,2.589250668611609
-0.7559298246249047,2.58672562813527
-0.7514760460695482,2.584212185054634
-0.7470123541981216,2.581710435853308
-0.7425390817840164,2.579220476321507
-0.7380565551460879,2.576742401566667
-0.7335650943183605,2.574276306023538
-0.7290650132144787,2.571822283463794
-0.7245566197870952,2.569380427005174
-0.7200402161822961,2.566950829120147
-0.7155160988893317,2.564533581644155
-0.7109845588857124,2.562128775783413
-0.7064458817778848,2.559736502122295
-0.7019003479376198,2.557356850630338
-0.697348232634269,2.55498991066885
-0.6927898061629568,2.552635770997131
-0.6882253339689663,2.550294519778368
-0.6836550767683361,2.547966244585152
-0.6790792906648409,2.545651032404681
-0.6744982272634594,2.543348969643619
-0.6699121337804821,2.541060142132659
-0.6653212531502939,2.538784635130772
-0.6607258241290355,2.536522533329169
-0.6561260813951583,2.53427392085498
-0.6515222556470227,2.532038881274645
-0.6469145736976351,2.529817497597068
-0.6423032585666102,2.527609852276494
-0.6376885295694037,2.525416027215136
